"0,0"
"0,0"
"0,0"
"0,0"
"0,0"
"0,0"
"0,0"
"0,0"
"0,0"
"0,0"
"0,0"
"0,000109847"
"5,74643e-05"
"1,07091e-05"
"0,0"
"0,0"
"0,0"
"0,0"
"0,0"
"0,0"
"0,0"
"0,0"
"0,0"
"0,0"
"0,0"
"0,0"
"0,0"
"0,0"
"0,0"
"0,0"
"0,0"
"0,0"
"0,0"
"0,0"
"0,0"
"0,0"
"0,0"
"0,0"
"0,0"
"0,0"
"0,0"
"0,0"
"0,0"
"0,0"
"0,0"
"0,0"
"0,0"
"0,0"
"0,0"
"0,0"
"0,0"
"0,0"
"0,0"
"0,0"
"0,0"
"0,0"
"0,0"
"3,49394e-05"
"0,000150798"
"0,000159102"
"0,000161124"
"0,000109314"
"5,33047e-05"
"0,0"
"0,0"
"0,0"
"0,0"
"0,0"
"0,0"
"0,0"
"0,0"
"0,0"
"0,0"
"0,0"
"0,0"
"0,0"
"0,0"
"0,0"
"0,0"
"0,0"
"0,0"
"6,07028e-05"
"0,000192521"
"0,000310181"
"0,000366858"
"0,000326288"
"0,000259275"
"6,77526e-05"
"0,0"
"0,0"
"0,0"
"0,0"
"0,0"
"0,0"
"0,0"
"0,0"
"0,0"
"0,0"
"0,0"
"0,0"
"0,0"
"0,0"
"0,0"
"0,0"
"0,0"
"0,0"
"0,0"
"0,0"
"0,0"
"0,0"
"0,0"
"0,0"
"0,0"
"0,0"
"0,0"
"0,0"
"0,0"
"0,0"
"0,0"
"0,0"
"0,0"
"0,0"
"0,0"
"0,0"
"0,0"
"0,0"
"0,0"
"0,0"
"0,0"
"0,0"
"8,83751e-05"
"0,000127222"
"9,81335e-05"
"0,000117421"
"5,61002e-05"
"0,0"
"0,0"
"0,0"
"0,0"
"0,0"
"0,0"
"0,0"
"0,0"
"0,0"
"0,0"
"0,0"
"0,0"
"0,0"
"0,0"
"0,0"
"0,0"
"0,0"
"0,0"
"0,0"
"0,0"
"0,0"
"0,0"
"0,0"
"0,0"
"0,0"
"0,0"
"0,0"
"0,0"
"0,0"
"0,0"
"0,0"
"0,0"
"0,0"
"0,0"
"0,0"
"0,0"
"0,0"
"0,0"
"0,0"
"0,0"
"0,0"
"0,0"
"0,0"
"0,0"
"0,0"
"0,0"
"0,0"
"0,0"
"0,0"
"0,0"
"0,0"
"0,0"
"0,0"
"0,0"
"0,0"
"0,0"
"0,0"
"0,0"
"0,0"
"0,0"
"0,0"
"0,0"
"0,0"
"0,0"
"0,0"
"0,0"
"0,0"
"0,0"
"0,0"
"0,0"
"4,30313e-05"
"1,10989e-05"
"0,0"
"0,0"
"0,0"
"0,0"
"0,0"
"0,0"
"0,0"
"0,0"
"0,0"
"0,0"
"0,0"
"0,0"
"0,0"
"0,0"
"0,0"
"0,0"
"0,0"
"0,0"
"0,0"
"0,0"
"0,0"
"0,0"
"7,79725e-05"
"0,000210817"
"8,54291e-05"
"0,0"
"0,0"
"0,0"
"0,0"
"0,0"
"0,0"
"0,0"
"0,0"
"0,0"
"0,0"
"0,0"
"0,0"
"0,0"
"0,0"
"0,0"
"0,0"
"0,0"
"0,0"
"0,000149304"
"0,000220735"
"0,000299912"
"0,000226209"
"0,000111102"
"0,0"
"0,0"
"0,0"
"0,0"
"0,0"
"0,0"
"0,0"
"0,0"
"0,0"
"0,0"
"0,0"
"0,0"
"0,0"
"0,0"
"0,0"
"0,0"
"0,0"
"0,0"
"2,96902e-05"
"0,000182673"
"0,000296297"
"0,000297783"
"0,000228188"
"0,000166466"
"1,82884e-05"
"0,0"
"0,0"
"0,0"
"0,0"
"0,0"
"0,0"
"0,0"
"0,0"
"0,0"
"0,0"
"0,0"
"0,0"
"0,0"
"0,0"
"0,0"
"0,0"
"0,0"
"0,0"
"1,51899e-05"
"0,000114906"
"0,000109831"
"9,03325e-05"
"1,75438e-05"
"0,0"
"0,0"
"0,0"
"0,0"
"0,0"
"0,0"
"0,0"
"0,0"
"0,0"
"0,0"
"0,0"
"0,0"
"0,0"
"0,0"
"0,0"
"0,0"
"0,0"
"0,0"
"0,0"
"0,0"
"0,0"
"0,0"
"0,0"
"0,0"
"0,0"
"0,0"
"0,0"
"0,0"
"0,0"
"0,0"
"0,0"
"0,0"
"0,0"
"0,0"
"0,0"
"0,0"
"0,0"
"0,0"
"0,0"
"0,0"
"0,0"
"0,0"
"0,0"
"0,0"
"0,0"
"0,0"
"0,0"
"0,0"
"0,0"
"0,0"
"0,0"
"0,0"
"0,0"
"0,0"
"0,0"
"0,0"
"0,0"
"0,0"
"0,0"
"0,0"
"0,0"
"0,0"
"0,0"
"0,0"
"0,0"
"0,0"
"0,0"
"0,0"
"0,0"
"0,0"
"0,0"
"0,0"
"0,0"
"0,0"
"0,0"
"0,0"
"0,0"
"0,0"
"0,0"
"0,0"
"0,0"
"0,0"
"0,0"
"0,0"
"0,0"
"0,0"
"0,0"
"0,0"
"0,0"
"0,0"
"0,0"
"0,000118888"
"0,000185703"
"0,000217961"
"0,000236044"
"0,000142892"
"0,0"
"0,0"
"0,0"
"0,0"
"0,0"
"0,0"
"0,0"
"0,0"
"0,0"
"0,0"
"0,0"
"0,0"
"0,0"
"0,0"
"0,0"
"0,0"
"0,0"
"0,0"
"0,0"
"0,000122938"
"0,00016219"
"0,000169488"
"0,000143255"
"8,95725e-06"
"0,0"
"0,0"
"0,0"
"0,0"
"0,0"
"0,0"
"0,0"
"0,0"
"0,0"
"0,0"
"0,0"
"0,0"
"0,0"
"0,0"
"0,0"
"0,0"
"0,0"
"0,0"
"0,0"
"0,0"
"0,0"
"0,0"
"0,000172527"
"0,000188226"
"1,17459e-05"
"0,0"
"0,0"
"0,0"
"0,0"
"0,0"
"0,0"
"0,0"
"0,0"
"0,0"
"0,0"
"0,0"
"0,0"
"0,0"
"0,0"
"0,0"
"0,0"
"0,0"
"0,0"
"0,0"
"0,0"
"0,0"
"0,0"
"0,0"
"0,0"
"0,0"
"0,0"
"0,0"
"0,0"
"0,0"
"0,0"
"0,0"
"0,0"
"0,0"
"0,0"
"0,0"
"0,0"
"0,0"
"0,0"
"0,0"
"0,0"
"0,0"
"0,0"
"0,0"
"0,0"
"0,0"
"0,0"
"0,0"
"0,0"
"0,0"
"0,0"
"0,0"
"0,0"
"0,0"
"0,0"
"0,0"
"0,0"
"0,0"
"0,0"
"0,0"
"0,0"
"0,0"
"0,0"
"0,0"
"0,0"
"0,0"
"0,0"
"0,0"
"0,0"
"0,0"
"0,0"
"0,0"
"0,0"
"0,0"
"0,0"
"0,0"
"0,0"
"0,0"
"0,0"
"0,0"
"0,0"
"0,0"
"0,0"
"0,0"
"0,0"
"0,0"
"0,0"
"0,0"
"0,0"
"0,0"
"0,0"
"0,0"
"0,0"
"0,0"
"0,0"
"0,0"
"0,0"
"0,0"
"0,0"
"0,0"
"0,0"
"0,0"
"0,0"
"0,0"
"0,0"
"0,0"
"0,0"
"0,0"
"0,0"
"0,0"
"0,0"
"0,0"
"0,0"
"0,0"
"0,0"
"7,2883e-05"
"0,00020886"
"0,000213923"
"0,000325277"
"0,000263635"
"6,82296e-05"
"0,0"
"0,0"
"0,0"
"0,0"
"0,0"
"0,0"
"0,0"
"0,0"
"0,0"
"0,0"
"0,0"
"0,0"
"0,0"
"0,0"
"0,0"
"0,0"
"0,0"
"0,0"
"0,0"
"0,0"
"0,0"
"0,000104009"
"0,000172631"
"0,000106502"
"0,0"
"0,0"
"0,0"
"0,0"
"0,0"
"0,0"
"0,0"
"0,0"
"0,0"
"0,0"
"0,0"
"0,0"
"0,0"
"0,0"
"0,0"
"0,0"
"0,0"
"1,08576e-06"
"0,000104517"
"0,000183284"
"0,000328723"
"0,000381931"
"0,000272879"
"0,000123307"
"0,0"
"0,0"
"0,0"
"0,0"
"0,0"
"0,0"
"0,0"
"0,0"
"0,0"
"0,0"
"0,0"
"0,0"
"0,0"
"0,0"
"0,0"
"0,0"
"0,0"
"0,0"
"0,0"
"0,0"
"0,0"
"0,0"
"0,0"
"0,0"
"0,0"
"0,0"
"0,0"
"0,0"
"0,0"
"0,0"
"0,0"
"0,0"
"0,0"
"0,0"
"0,0"
"0,0"
"0,0"
"0,0"
"0,0"
"0,0"
"0,0"
"5,67849e-05"
"0,000303394"
"0,000385531"
"0,000412698"
"0,000369032"
"0,000292848"
"0,000158694"
"0,0"
"0,0"
"0,0"
"0,0"
"0,0"
"0,0"
"0,0"
"0,0"
"0,0"
"0,0"
"0,0"
"0,0"
"0,0"
"0,0"
"0,0"
"0,0"
"0,0"
"0,0"
"0,0"
"0,0"
"0,0"
"9,00113e-05"
"1,89479e-05"
"0,0"
"0,0"
"0,0"
"0,0"
"0,0"
"0,0"
"0,0"
"0,0"
"0,0"
"0,0"
"0,0"
"0,0"
"0,0"
"0,0"
"0,0"
"0,0"
"0,0"
"0,0"
"0,0"
"0,0"
"0,0"
"0,0"
"8,10757e-05"
"1,14058e-05"
"0,0"
"0,0"
"0,0"
"0,0"
"0,0"
"0,0"
"0,0"
"0,0"
"0,0"
"0,0"
"0,0"
"0,0"
"0,0"
"0,0"
"0,0"
"0,0"
"0,0"
"0,0"
"0,0"
"0,0"
"0,0"
"0,0"
"0,0"
"0,0"
"0,0"
"0,0"
"0,0"
"0,0"
"0,0"
"0,0"
"0,0"
"0,0"
"0,0"
"0,0"
"0,0"
"0,0"
"0,0"
"0,0"
"0,0"
"0,0"
"0,0"
"0,0"
"0,000125218"
"0,000185864"
"9,7033e-05"
"0,00010343"
"0,000107715"
"0,0"
"0,0"
"0,0"
"0,0"
"0,0"
"0,0"
"0,0"
"0,0"
"0,0"
"0,0"
"0,0"
"0,0"
"0,0"
"0,0"
"0,0"
"0,0"
"0,0"
"0,0"
"0,0"
"0,0"
"0,0"
"0,0"
"0,0"
"0,0"
"0,0"
"0,0"
"0,0"
"0,0"
"0,0"
"0,0"
"0,0"
"0,0"
"0,0"
"0,0"
"0,0"
"0,0"
"0,0"
"0,0"
"0,0"
"0,0"
"0,0"
"0,0"
"0,0"
"8,35593e-05"
"8,76489e-05"
"5,59317e-05"
"4,10679e-05"
"0,0"
"0,0"
"0,0"
"0,0"
"0,0"
"0,0"
"0,0"
"0,0"
"0,0"
"0,0"
"0,0"
"0,0"
"0,0"
"0,0"
"0,0"
"0,0"
"0,0"
"0,0"
"0,0"
"0,0"
"0,0"
"0,0"
"0,0"
"0,0"
"0,0"
"0,0"
"0,0"
"0,0"
"0,0"
"0,0"
"0,0"
"0,0"
"0,0"
"0,0"
"0,0"
"0,0"
"0,0"
"0,0"
"0,0"
"0,0"
"0,0"
"0,0"
"0,0"
"0,0"
"0,0"
"0,0"
"0,0"
"0,0"
"0,0"
"0,0"
"0,0"
"0,0"
"0,0"
"0,0"
"0,0"
"0,0"
"0,0"
"0,0"
"0,0"
"0,0"
"0,0"
"0,0"
"0,0"
"0,0"
"0,0"
"0,0"
"0,0"
"0,0"
"0,0"
"0,0"
"0,0"
"0,0"
"0,0"
"0,0"
"0,0"
"0,0"
"0,0"
"0,0"
"0,0"
"0,0"
"0,0"
"0,0"
"0,0"
"0,0"
"0,0"
"0,0"
"0,0"
"0,0"
"0,0"
"0,0"
"0,0"
"0,0"
"0,000130425"
"0,000290973"
"0,000316863"
"0,000314012"
"0,000306228"
"0,000264135"
"0,000116106"
"0,0"
"0,0"
"0,0"
"0,0"
"0,0"
"0,0"
"0,0"
"0,0"
"0,0"
"0,0"
"0,0"
"0,0"
"0,0"
"0,0"
"0,0"
"0,0"
"0,0"
"0,0"
"0,0"
"0,0"
"2,25486e-05"
"0,000319527"
"0,0"
"0,0"
"0,0"
"0,0"
"0,0"
"0,0"
"0,0"
"0,0"
"0,0"
"0,0"
"0,0"
"0,0"
"0,0"
"0,0"
"0,0"
"0,0"
"0,0"
"0,0"
"0,0"
"0,0"
"0,0"
"0,00011223"
"6,99707e-05"
"8,71611e-06"
"0,0"
"0,0"
"0,0"
"0,0"
"0,0"
"0,0"
"0,0"
"0,0"
"0,0"
"0,0"
"0,0"
"0,0"
"0,0"
"0,0"
"0,0"
"0,0"
"0,0"
"0,0"
"0,0"
"0,0"
"0,0"
"0,0"
"7,64586e-06"
"0,000383553"
"0,000323005"
"3,51428e-05"
"0,0"
"0,0"
"0,0"
"0,0"
"0,0"
"0,0"
"0,0"
"0,0"
"0,0"
"0,0"
"0,0"
"0,0"
"0,0"
"0,0"
"0,0"
"0,0"
"0,0"
"0,0"
"0,0"
"0,0"
"0,0"
"0,0"
"0,0"
"0,0"
"0,0"
"0,0"
"0,0"
"0,0"
"0,0"
"0,0"
"0,0"
"0,0"
"0,0"
"0,0"
"0,0"
"0,0"
"0,0"
"0,0"
"0,0"
"0,0"
"0,0"
"1,73304e-05"
"0,000201802"
"0,000327176"
"0,000323571"
"0,000307451"
"0,000195549"
"0,000101819"
"0,0"
"0,0"
"0,0"
"0,0"
"0,0"
"0,0"
"0,0"
"0,0"
"0,0"
"0,0"
"0,0"
"0,0"
"0,0"
"0,0"
"0,0"
"0,0"
"0,0"
"0,000182591"
"0,000340263"
"0,000207101"
"6,96718e-05"
"1,14583e-05"
"0,0"
"0,0"
"0,0"
"0,0"
"0,0"
"0,0"
"0,0"
"0,0"
"0,0"
"0,0"
"0,0"
"0,0"
"0,0"
"0,0"
"0,0"
"0,0"
"0,0"
"0,0"
"0,0"
"0,0"
"0,0"
"0,0"
"1,76198e-05"
"2,96931e-05"
"0,0"
"0,0"
"0,0"
"0,0"
"0,0"
"0,0"
"0,0"
"0,0"
"0,0"
"0,0"
"0,0"
"0,0"
"0,0"
"0,0"
"0,0"
"0,0"
"0,0"
"0,0"
"0,0"
"0,0"
"0,0"
"0,0"
"0,0"
"0,000136772"
"8,08234e-05"
"0,000204937"
"2,84884e-05"
"0,0"
"0,0"
"0,0"
"0,0"
"0,0"
"0,0"
"0,0"
"0,0"
"0,0"
"0,0"
"0,0"
"0,0"
"0,0"
"0,0"
"0,0"
"0,0"
"0,0"
"0,0"
"0,0"
"3,81734e-05"
"4,96408e-06"
"0,0"
"0,0"
"0,0"
"0,0"
"0,0"
"0,0"
"0,0"
"0,0"
"0,0"
"0,0"
"0,0"
"0,0"
"0,0"
"0,0"
"0,0"
"0,0"
"0,0"
"0,0"
"9,36071e-07"
"0,000199137"
"0,000366768"
"0,000480232"
"0,000512288"
"0,000482452"
"0,000388361"
"0,000248246"
"2,22115e-05"
"0,0"
"0,0"
"0,0"
"0,0"
"0,0"
"0,0"
"0,0"
"0,0"
"0,0"
"0,0"
"0,0"
"0,0"
"0,0"
"0,0"
"0,0"
"0,0"
"0,0"
"0,0"
"0,0"
"0,0"
"0,0"
"0,0"
"0,0"
"0,0"
"0,0"
"0,0"
"0,0"
"0,0"
"0,0"
"0,0"
"0,0"
"0,0"
"0,0"
"0,0"
"0,0"
"0,0"
"0,0"
"0,0"
"0,0"
"0,0"
"0,0"
"0,0"
"0,0"
"0,0"
"0,000160503"
"0,000142768"
"6,03112e-05"
"0,0"
"0,0"
"0,0"
"0,0"
"0,0"
"0,0"
"0,0"
"0,0"
"0,0"
"0,0"
"0,0"
"0,0"
"0,0"
"0,0"
"0,0"
"0,0"
"0,0"
"0,0"
"0,0"
"0,0"
"0,0"
"0,0"
"0,0"
"0,0"
"0,0"
"0,0"
"0,0"
"0,0"
"0,0"
"0,0"
"0,0"
"0,0"
"0,0"
"0,0"
"0,0"
"0,0"
"0,0"
"0,0"
"0,0"
"0,0"
"0,0"
"0,0"
"0,0"
"0,0"
"0,0"
"0,0"
"0,0"
"0,0"
"0,0"
"0,0"
"0,0"
"0,0"
"0,0"
"0,0"
"0,0"
"0,0"
"0,0"
"0,0"
"0,0"
"0,0"
"0,0"
"0,0"
"0,0"
"0,0"
"0,0"
"9,72193e-05"
"0,000247999"
"6,61459e-05"
"9,6592e-05"
"0,000176982"
"0,0"
"0,0"
"0,0"
"0,0"
"0,0"
"0,0"
"0,0"
"0,0"
"0,0"
"0,0"
"0,0"
"0,0"
"0,0"
"0,0"
"0,0"
"0,0"
"0,0"
"0,0"
"0,0"
"0,0"
"0,0"
"0,0"
"3,42571e-05"
"6,78865e-05"
"3,13492e-05"
"0,0"
"0,0"
"0,0"
"0,0"
"0,0"
"0,0"
"0,0"
"0,0"
"0,0"
"0,0"
"0,0"
"0,0"
"0,0"
"0,0"
"0,0"
"0,0"
"0,0"
"0,0"
"0,000202171"
"0,000375962"
"0,000481389"
"0,000498849"
"0,00045847"
"0,000370128"
"0,000223691"
"1,42493e-05"
"0,0"
"0,0"
"0,0"
"0,0"
"0,0"
"0,0"
"0,0"
"0,0"
"0,0"
"0,0"
"0,0"
"0,0"
"0,0"
"0,0"
"0,0"
"0,0"
"0,000200005"
"0,000201496"
"0,000301627"
"0,000354029"
"0,000292028"
"0,000307866"
"0,000201327"
"4,22097e-05"
"0,0"
"0,0"
"0,0"
"0,0"
"0,0"
"0,0"
"0,0"
"0,0"
"0,0"
"0,0"
"0,0"
"0,0"
"0,0"
"0,0"
"0,0"
"0,0"
"0,00015321"
"0,000360565"
"0,000376424"
"0,000214012"
"0,000138338"
"2,55676e-05"
"0,0"
"0,0"
"0,0"
"0,0"
"0,0"
"0,0"
"0,0"
"0,0"
"0,0"
"0,0"
"0,0"
"0,0"
"0,0"
"0,0"
"0,0"
"0,0"
"0,0"
"0,0"
"0,0"
"0,0"
"5,19665e-05"
"7,98985e-05"
"7,89653e-05"
"6,26123e-05"
"1,92824e-05"
"0,0"
"0,0"
"0,0"
"0,0"
"0,0"
"0,0"
"0,0"
"0,0"
"0,0"
"0,0"
"0,0"
"0,0"
"0,0"
"0,0"
"0,0"
"0,0"
"0,0"
"0,0"
"2,80286e-05"
"5,61443e-05"
"8,73684e-05"
"8,22518e-05"
"4,8177e-05"
"2,84919e-05"
"0,0"
"0,0"
"0,0"
"0,0"
"0,0"
"0,0"
"0,0"
"0,0"
"0,0"
"0,0"
"0,0"
"0,0"
"0,0"
"0,0"
"0,0"
"0,0"
"0,0"
"0,0"
"6,92366e-06"
"5,10241e-05"
"7,07164e-05"
"4,62399e-05"
"0,0"
"0,0"
"0,0"
"0,0"
"0,0"
"0,0"
"0,0"
"0,0"
"0,0"
"0,0"
"0,0"
"0,0"
"0,0"
"0,0"
"0,0"
"0,0"
"0,0"
"0,0"
"0,0"
"0,0"
"0,0"
"0,0"
"0,0"
"0,0"
"0,0"
"0,0"
"0,0"
"0,0"
"0,0"
"0,0"
"0,0"
"0,0"
"0,0"
"0,0"
"0,0"
"0,0"
"0,0"
"0,0"
"0,0"
"0,0"
"0,0"
"0,0"
"0,0"
"0,0"
"0,0"
"2,44689e-05"
"3,9629e-05"
"0,0"
"0,0"
"0,0"
"0,0"
"0,0"
"0,0"
"0,0"
"0,0"
"0,0"
"0,0"
"0,0"
"0,0"
"0,0"
"0,0"
"0,0"
"0,0"
"0,0"
"0,0"
"0,0"
"0,0"
"0,0"
"0,0"
"0,000154356"
"0,000279119"
"0,00013578"
"8,22086e-06"
"0,0"
"0,0"
"0,0"
"0,0"
"0,0"
"0,0"
"0,0"
"0,0"
"0,0"
"0,0"
"0,0"
"0,0"
"0,0"
"0,0"
"0,0"
"0,0"
"0,0"
"0,0"
"0,0"
"6,66397e-06"
"0,000133011"
"0,000252979"
"0,000251901"
"0,000252298"
"0,000137008"
"3,1633e-05"
"0,0"
"0,0"
"0,0"
"0,0"
"0,0"
"0,0"
"0,0"
"0,0"
"0,0"
"0,0"
"0,0"
"0,0"
"0,0"
"0,0"
"0,0"
"0,0"
"0,0"
"0,0"
"0,0"
"0,0"
"6,17143e-05"
"0,0"
"0,0"
"0,0"
"0,0"
"0,0"
"0,0"
"0,0"
"0,0"
"0,0"
"0,0"
"0,0"
"0,0"
"0,0"
"0,0"
"0,0"
"0,0"
"0,0"
"0,0"
"0,0"
"0,0"
"0,0"
"0,0"
"0,0"
"0,000168194"
"0,000150896"
"3,88473e-05"
"0,0"
"0,0"
"0,0"
"0,0"
"0,0"
"0,0"
"0,0"
"0,0"
"0,0"
"0,0"
"0,0"
"0,0"
"0,0"
"0,0"
"0,0"
"0,0"
"0,0"
"0,0"
"0,0"
"0,0"
"0,0"
"0,000192496"
"0,000155301"
"6,70333e-05"
"0,0"
"0,0"
"0,0"
"0,0"
"0,0"
"0,0"
"0,0"
"0,0"
"0,0"
"0,0"
"0,0"
"0,0"
"0,0"
"0,0"
"0,0"
"0,0"
"0,0"
"0,0"
"5,46124e-05"
"0,000236222"
"0,000224698"
"0,000227316"
"0,000176075"
"5,38449e-05"
"2,17815e-05"
"0,0"
"0,0"
"0,0"
"0,0"
"0,0"
"0,0"
"0,0"
"0,0"
"0,0"
"0,0"
"0,0"
"0,0"
"0,0"
"0,0"
"0,0"
"0,0"
"0,0"
"0,0"
"0,0"
"0,0"
"0,0"
"0,0"
"0,0"
"0,0"
"0,0"
"0,0"
"0,0"
"0,0"
"0,0"
"0,0"
"0,0"
"0,0"
"0,0"
"0,0"
"0,0"
"0,0"
"0,0"
"0,0"
"0,0"
"0,0"
"0,0"
"9,4135e-05"
"0,000188454"
"0,000130674"
"0,0"
"0,0"
"0,0"
"0,0"
"0,0"
"0,0"
"0,0"
"0,0"
"0,0"
"0,0"
"0,0"
"0,0"
"0,0"
"0,0"
"0,0"
"0,0"
"0,0"
"0,0"
"0,0"
"4,60428e-06"
"0,000139"
"0,000246615"
"0,000329593"
"0,000357811"
"0,000335866"
"0,000264481"
"0,000157783"
"3,155e-05"
"0,0"
"0,0"
"0,0"
"0,0"
"0,0"
"0,0"
"0,0"
"0,0"
"0,0"
"0,0"
"0,0"
"0,0"
"0,0"
"0,0"
"0,0"
"0,0"
"0,0"
"0,0"
"0,0"
"0,0"
"0,0"
"0,0"
"0,0"
"0,0"
"0,0"
"0,0"
"0,0"
"0,0"
"0,0"
"0,0"
"0,0"
"0,0"
"0,0"
"0,0"
"0,0"
"0,0"
"0,0"
"0,0"
"0,0"
"0,0"
"0,0"
"0,0"
"0,0"
"0,0"
"0,0"
"0,0"
"0,0"
"0,0"
"0,0"
"0,0"
"0,0"
"0,0"
"0,0"
"0,0"
"0,0"
"0,0"
"0,0"
"0,0"
"0,0"
"0,0"
"0,0"
"0,0"
"0,0"
"0,0"
"0,0"
"5,61956e-05"
"6,31552e-05"
"0,0"
"0,0"
"0,0"
"0,0"
"0,0"
"0,0"
"0,0"
"0,0"
"0,0"
"0,0"
"0,0"
"0,0"
"0,0"
"0,0"
"0,0"
"0,0"
"0,0"
"0,0"
"0,0"
"0,0"
"0,0"
"0,0"
"0,0"
"7,96675e-05"
"6,5563e-05"
"6,02933e-05"
"1,76105e-05"
"0,0"
"0,0"
"0,0"
"0,0"
"0,0"
"0,0"
"0,0"
"0,0"
"0,0"
"0,0"
"0,0"
"0,0"
"0,0"
"0,0"
"0,0"
"0,0"
"0,0"
"0,0"
"8,84316e-05"
"0,000153692"
"0,000310006"
"0,000289148"
"0,000287718"
"0,000260847"
"0,000113526"
"1,44209e-05"
"0,0"
"0,0"
"0,0"
"0,0"
"0,0"
"0,0"
"0,0"
"0,0"
"0,0"
"0,0"
"0,0"
"0,0"
"0,0"
"0,0"
"0,0"
"0,0"
"0,0"
"3,94757e-05"
"5,283e-05"
"0,000100208"
"6,98878e-05"
"3,27121e-05"
"0,0"
"0,0"
"0,0"
"0,0"
"0,0"
"0,0"
"0,0"
"0,0"
"0,0"
"0,0"
"0,0"
"0,0"
"0,0"
"0,0"
"0,0"
"0,0"
"0,0"
"0,000121165"
"0,00030413"
"0,00044926"
"0,00054295"
"0,000573743"
"0,000540448"
"0,000449437"
"0,000308648"
"0,00013305"
"0,0"
"0,0"
"0,0"
"0,0"
"0,0"
"0,0"
"0,0"
"0,0"
"0,0"
"0,0"
"0,0"
"0,0"
"0,0"
"0,0"
"0,0"
"7,79697e-05"
"0,000229248"
"0,000364022"
"0,000448421"
"0,000492068"
"0,000415205"
"0,000343099"
"0,00024855"
"9,27049e-05"
"0,0"
"0,0"
"0,0"
"0,0"
"0,0"
"0,0"
"0,0"
"0,0"
"0,0"
"0,0"
"0,0"
"0,0"
"0,0"
"0,0"
"0,0"
"8,60436e-05"
"0,000254496"
"0,000382088"
"0,000468728"
"0,000499452"
"0,000466209"
"0,000389445"
"0,000263582"
"0,000108523"
"0,0"
"0,0"
"0,0"
"0,0"
"0,0"
"0,0"
"0,0"
"0,0"
"0,0"
"0,0"
"0,0"
"0,0"
"0,0"
"0,0"
"0,0"
"9,96633e-05"
"0,000279357"
"0,000409686"
"0,000480566"
"0,000518839"
"0,000473164"
"0,000402732"
"0,000271113"
"0,000108207"
"0,0"
"0,0"
"0,0"
"0,0"
"0,0"
"0,0"
"0,0"
"0,0"
"0,0"
"0,0"
"0,0"
"0,0"
"0,0"
"0,0"
"0,0"
"0,0"
"0,0"
"6,23849e-05"
"8,47378e-05"
"9,80419e-05"
"8,29786e-05"
"5,99287e-05"
"4,96249e-06"
"0,0"
"0,0"
"0,0"
"0,0"
"0,0"
"0,0"
"0,0"
"0,0"
"0,0"
"0,0"
"0,0"
"0,0"
"0,0"
"0,0"
"0,0"
"0,0"
"0,000162102"
"0,000271763"
"0,000302015"
"0,000263304"
"0,000123614"
"9,18553e-05"
"0,0"
"0,0"
"0,0"
"0,0"
"0,0"
"0,0"
"0,0"
"0,0"
"0,0"
"0,0"
"0,0"
"0,0"
"0,0"
"0,0"
"0,0"
"0,0"
"0,0"
"0,0"
"0,000122014"
"0,000301758"
"0,000426859"
"0,000500715"
"0,000534468"
"0,000493444"
"0,000400618"
"0,000268707"
"0,000105697"
"0,0"
"0,0"
"0,0"
"0,0"
"0,0"
"0,0"
"0,0"
"0,0"
"0,0"
"0,0"
"0,0"
"0,0"
"0,0"
"0,0"
"0,0"
"0,0"
"0,000117945"
"0,000208259"
"0,000206677"
"0,000205118"
"0,000194848"
"0,000164124"
"0,00012344"
"8,03616e-06"
"0,0"
"0,0"
"0,0"
"0,0"
"0,0"
"0,0"
"0,0"
"0,0"
"0,0"
"0,0"
"0,0"
"0,0"
"0,0"
"0,0"
"0,0"
"0,0"
"6,88384e-05"
"0,000163371"
"0,000188824"
"0,000214769"
"0,000163959"
"0,000128995"
"8,89266e-05"
"0,0"
"0,0"
"0,0"
"0,0"
"0,0"
"0,0"
"0,0"
"0,0"
"0,0"
"0,0"
"0,0"
"0,0"
"0,0"
"0,0"
"0,0"
"0,0"
"4,3487e-05"
"0,000218163"
"0,00029817"
"0,000399094"
"0,000451682"
"0,000418316"
"0,000356255"
"0,000231233"
"0,000101732"
"0,0"
"0,0"
"0,0"
"0,0"
"0,0"
"0,0"
"0,0"
"0,0"
"0,0"
"0,0"
"0,0"
"0,0"
"0,0"
"0,0"
"0,0"
"0,0"
"0,0"
"0,0"
"0,0"
"0,0"
"0,000167433"
"0,000121874"
"6,72585e-05"
"9,5788e-07"
"0,0"
"0,0"
"0,0"
"0,0"
"0,0"
"0,0"
"0,0"
"0,0"
"0,0"
"0,0"
"0,0"
"0,0"
"0,0"
"0,0"
"0,0"
"0,0"
"0,0"
"0,0"
"0,0"
"0,0"
"0,000177282"
"0,000128392"
"6,576e-05"
"5,35778e-07"
"0,0"
"0,0"
"0,0"
"0,0"
"0,0"
"0,0"
"0,0"
"0,0"
"0,0"
"0,0"
"0,0"
"0,0"
"0,0"
"0,0"
"0,0"
"0,0"
"3,78837e-05"
"0,000112232"
"0,000145721"
"9,91519e-05"
"5,56744e-05"
"4,86973e-05"
"1,37461e-05"
"0,0"
"0,0"
"0,0"
"0,0"
"0,0"
"0,0"
"0,0"
"0,0"
"0,0"
"0,0"
"0,0"
"0,0"
"0,0"
"0,0"
"0,0"
"0,0"
"0,000103789"
"0,000260881"
"0,000404302"
"0,000471722"
"0,000502722"
"0,000472123"
"0,000401535"
"0,000277586"
"0,00011296"
"0,0"
"0,0"
"0,0"
"0,0"
"0,0"
"0,0"
"0,0"
"0,0"
"0,0"
"0,0"
"0,0"
"0,0"
"0,0"
"0,0"
"0,0"
"0,0"
"0,0"
"0,0"
"1,60195e-05"
"2,14524e-05"
"1,33728e-05"
"2,93351e-06"
"0,0"
"0,0"
"0,0"
"0,0"
"0,0"
"0,0"
"0,0"
"0,0"
"0,0"
"0,0"
"0,0"
"0,0"
"0,0"
"0,0"
"0,0"
"0,0"
"0,0"
"0,0"
"0,0"
"0,0"
"0,0"
"0,0"
"0,0"
"0,0"
"0,0"
"0,0"
"0,0"
"0,0"
"0,0"
"0,0"
"0,0"
"0,0"
"0,0"
"0,0"
"0,0"
"0,0"
"0,0"
"0,0"
"0,0"
"0,0"
"0,0"
"0,00010113"
"0,000172492"
"0,000277917"
"0,000331907"
"0,000441765"
"0,000422142"
"0,000337727"
"0,000243196"
"8,00212e-05"
"0,0"
"0,0"
"0,0"
"0,0"
"0,0"
"0,0"
"0,0"
"0,0"
"0,0"
"0,0"
"0,0"
"0,0"
"0,0"
"0,0"
"0,0"
"0,000186762"
"0,000365945"
"0,000505959"
"0,000591865"
"0,00061812"
"0,000584584"
"0,000493787"
"0,00034989"
"0,000175157"
"0,0"
"0,0"
"0,0"
"0,0"
"0,0"
"0,0"
"0,0"
"0,0"
"0,0"
"0,0"
"0,0"
"0,0"
"0,0"
"0,0"
"0,0"
"0,0"
"0,0"
"0,0"
"0,0"
"0,0"
"0,0"
"0,0"
"0,0"
"0,0"
"0,0"
"0,0"
"0,0"
"0,0"
"0,0"
"0,0"
"0,0"
"0,0"
"0,0"
"0,0"
"0,0"
"0,0"
"0,0"
"0,0"
"0,0"
"2,29672e-05"
"0,000102547"
"0,000142895"
"0,000179072"
"0,000185988"
"0,00017796"
"0,000136584"
"8,13864e-05"
"2,30406e-05"
"0,0"
"0,0"
"0,0"
"0,0"
"0,0"
"0,0"
"0,0"
"0,0"
"0,0"
"0,0"
"0,0"
"0,0"
"0,0"
"0,0"
"0,0"
"1,27432e-06"
"0,000268892"
"0,000365996"
"0,000323238"
"0,000369945"
"0,000145525"
"0,000177483"
"0,000210448"
"6,28067e-05"
"0,0"
"0,0"
"0,0"
"0,0"
"0,0"
"0,0"
"0,0"
"0,0"
"0,0"
"0,0"
"0,0"
"0,0"
"0,0"
"0,0"
"0,0"
"1,1488e-06"
"8,68062e-05"
"0,000141973"
"0,000155053"
"0,000152501"
"0,000144516"
"0,000107974"
"6,20593e-05"
"5,81426e-06"
"0,0"
"0,0"
"0,0"
"0,0"
"0,0"
"0,0"
"0,0"
"0,0"
"0,0"
"0,0"
"0,0"
"0,0"
"0,0"
"0,0"
"2,98914e-06"
"0,000199591"
"0,000199772"
"0,000306794"
"0,000284609"
"0,000145864"
"0,0"
"0,0"
"0,0"
"0,0"
"0,0"
"0,0"
"0,0"
"0,0"
"0,0"
"0,0"
"0,0"
"0,0"
"0,0"
"0,0"
"0,0"
"0,0"
"0,0"
"0,0"
"0,0"
"0,0"
"0,0"
"0,0"
"0,0"
"6,24894e-06"
"9,4471e-05"
"0,00026053"
"0,00035659"
"0,000209752"
"1,72479e-05"
"0,0"
"0,0"
"0,0"
"0,0"
"0,0"
"0,0"
"0,0"
"0,0"
"0,0"
"0,0"
"0,0"
"0,0"
"0,0"
"0,0"
"0,0"
"0,0"
"3,13215e-06"
"6,22743e-05"
"7,11192e-05"
"0,000154877"
"0,000158767"
"0,000169005"
"0,000111382"
"0,0"
"0,0"
"0,0"
"0,0"
"0,0"
"0,0"
"0,0"
"0,0"
"0,0"
"0,0"
"0,0"
"0,0"
"0,0"
"0,0"
"0,0"
"0,0"
"0,0"
"0,0"
"0,0"
"0,0"
"1,98319e-05"
"0,000103629"
"0,000120448"
"4,62467e-05"
"0,0"
"0,0"
"0,0"
"0,0"
"0,0"
"0,0"
"0,0"
"0,0"
"0,0"
"0,0"
"0,0"
"0,0"
"0,0"
"0,0"
"0,0"
"0,0"
"0,0"
"0,0"
"8,68002e-05"
"0,000258538"
"0,000151092"
"2,47312e-05"
"0,0"
"0,0"
"0,0"
"0,0"
"0,0"
"0,0"
"0,0"
"0,0"
"0,0"
"0,0"
"0,0"
"0,0"
"0,0"
"0,0"
"0,0"
"0,0"
"0,0"
"0,000176319"
"0,000347573"
"0,000476637"
"0,00055969"
"0,000584042"
"0,00055046"
"0,000462225"
"0,000324624"
"0,000152574"
"0,0"
"0,0"
"0,0"
"0,0"
"0,0"
"0,0"
"0,0"
"0,0"
"0,0"
"0,0"
"0,0"
"0,0"
"0,0"
"0,0"
"0,0"
"0,0"
"0,0"
"0,0"
"1,96899e-05"
"0,0"
"0,0"
"0,0"
"0,0"
"0,0"
"0,0"
"0,0"
"0,0"
"0,0"
"0,0"
"0,0"
"0,0"
"0,0"
"0,0"
"0,0"
"0,0"
"0,0"
"0,0"
"0,0"
"0,0"
"0,0"
"0,0"
"0,0"
"0,0"
"0,0"
"0,0"
"0,0"
"0,0"
"0,0"
"0,0"
"0,0"
"0,0"
"0,0"
"0,0"
"0,0"
"0,0"
"0,0"
"0,0"
"0,0"
"0,0"
"0,0"
"0,0"
"0,0"
"0,0"
"0,0"
"0,000110926"
"0,000201283"
"0,00042198"
"0,000614381"
"0,00024806"
"8,39671e-05"
"0,000128677"
"0,0"
"0,0"
"0,0"
"0,0"
"0,0"
"0,0"
"0,0"
"0,0"
"0,0"
"0,0"
"0,0"
"0,0"
"0,0"
"0,0"
"0,0"
"0,0"
"0,0"
"0,0"
"5,87687e-05"
"0,000522027"
"0,000483721"
"0,000465027"
"0,000318016"
"0,000105026"
"0,0"
"0,0"
"0,0"
"0,0"
"0,0"
"0,0"
"0,0"
"0,0"
"0,0"
"0,0"
"0,0"
"0,0"
"0,0"
"0,0"
"0,0"
"0,0"
"0,000178771"
"0,000289576"
"0,00051675"
"6,85261e-05"
"0,0"
"2,15764e-05"
"0,0"
"0,0"
"0,0"
"0,0"
"0,0"
"0,0"
"0,0"
"0,0"
"0,0"
"0,0"
"0,0"
"0,0"
"0,0"
"0,0"
"0,0"
"0,0"
"0,0"
"0,0"
"0,000113423"
"0,000247739"
"0,000344918"
"0,000417362"
"0,000426418"
"0,000379412"
"0,000316638"
"0,000212374"
"7,96037e-05"
"0,0"
"0,0"
"0,0"
"0,0"
"0,0"
"0,0"
"0,0"
"0,0"
"0,0"
"0,0"
"0,0"
"0,0"
"0,0"
"0,0"
"0,0"
"4,95212e-05"
"0,000176447"
"0,000276763"
"0,000431137"
"0,000349579"
"0,000285197"
"0,000189995"
"0,000164346"
"6,51868e-05"
"0,0"
"0,0"
"0,0"
"0,0"
"0,0"
"0,0"
"0,0"
"0,0"
"0,0"
"0,0"
"0,0"
"0,0"
"0,0"
"0,0"
"0,0"
"0,000102272"
"0,00021032"
"0,00028626"
"0,000342457"
"0,000370497"
"0,000327716"
"0,000266401"
"0,000172051"
"7,1992e-05"
"0,0"
"0,0"
"0,0"
"0,0"
"0,0"
"0,0"
"0,0"
"0,0"
"0,0"
"0,0"
"0,0"
"0,0"
"0,0"
"0,0"
"0,0"
"0,000166264"
"0,00033131"
"0,000458527"
"0,000537609"
"0,000559761"
"0,000524829"
"0,000433143"
"0,000294983"
"0,000127905"
"0,0"
"0,0"
"0,0"
"0,0"
"0,0"
"0,0"
"0,0"
"0,0"
"0,0"
"0,0"
"0,0"
"0,0"
"0,0"
"0,0"
"2,51684e-05"
"0,000212395"
"0,00038907"
"0,000498191"
"0,000193891"
"0,000197944"
"0,000187886"
"0,000136196"
"9,78893e-05"
"2,28722e-05"
"0,0"
"0,0"
"0,0"
"0,0"
"0,0"
"0,0"
"0,0"
"0,0"
"0,0"
"0,0"
"0,0"
"0,0"
"0,0"
"0,0"
"0,0"
"0,0"
"0,0"
"8,11648e-06"
"3,35655e-05"
"3,49788e-05"
"3,91323e-06"
"0,0"
"0,0"
"0,0"
"0,0"
"0,0"
"0,0"
"0,0"
"0,0"
"0,0"
"0,0"
"0,0"
"0,0"
"0,0"
"0,0"
"0,0"
"0,0"
"0,0"
"0,0"
"7,89402e-05"
"0,000178732"
"0,000238146"
"0,000286347"
"0,000297069"
"0,000279239"
"0,000231788"
"0,000157948"
"6,42655e-05"
"0,0"
"0,0"
"0,0"
"0,0"
"0,0"
"0,0"
"0,0"
"0,0"
"0,0"
"0,0"
"0,0"
"0,0"
"0,0"
"0,0"
"8,91871e-06"
"6,27202e-05"
"0,000331604"
"0,000505087"
"0,000259313"
"0,0"
"0,0"
"0,0"
"0,0"
"0,0"
"0,0"
"0,0"
"0,0"
"0,0"
"0,0"
"0,0"
"0,0"
"0,0"
"0,0"
"0,0"
"0,0"
"0,0"
"0,0"
"0,0"
"0,0"
"0,000125997"
"0,000266958"
"0,000370203"
"0,000427441"
"0,000422293"
"0,000395311"
"0,000311529"
"0,000206474"
"6,75175e-05"
"0,0"
"0,0"
"0,0"
"0,0"
"0,0"
"0,0"
"0,0"
"0,0"
"0,0"
"0,0"
"0,0"
"0,0"
"0,0"
"0,0"
"0,0"
"1,12084e-05"
"5,89333e-05"
"9,89431e-05"
"0,000139961"
"0,000168138"
"0,000129131"
"0,000125413"
"6,52727e-05"
"2,48439e-06"
"0,0"
"0,0"
"0,0"
"0,0"
"0,0"
"0,0"
"0,0"
"0,0"
"0,0"
"0,0"
"0,0"
"0,0"
"0,0"
"0,0"
"0,0"
"0,0"
"0,0"
"0,0"
"0,0"
"0,000102588"
"0,000484802"
"0,000486279"
"0,000343981"
"0,00012936"
"0,0"
"0,0"
"0,0"
"0,0"
"0,0"
"0,0"
"0,0"
"0,0"
"0,0"
"0,0"
"0,0"
"0,0"
"0,0"
"0,0"
"4,37024e-06"
"0,000122968"
"0,000132655"
"0,000163549"
"0,000222804"
"0,00029964"
"0,000377867"
"0,000431365"
"0,000310954"
"0,000131748"
"0,0"
"0,0"
"0,0"
"0,0"
"0,0"
"0,0"
"0,0"
"0,0"
"0,0"
"0,0"
"0,0"
"0,0"
"0,0"
"0,0"
"0,0"
"3,20865e-05"
"8,31222e-05"
"0,000187374"
"5,09207e-05"
"8,0563e-06"
"0,0"
"0,000225253"
"0,000310383"
"0,000189051"
"0,0"
"0,0"
"0,0"
"0,0"
"0,0"
"0,0"
"0,0"
"0,0"
"0,0"
"0,0"
"0,0"
"0,0"
"0,0"
"0,0"
"0,0"
"0,0"
"2,02285e-05"
"4,62327e-05"
"5,5015e-05"
"4,54059e-05"
"4,6739e-05"
"3,27975e-05"
"8,77412e-06"
"0,0"
"0,0"
"0,0"
"0,0"
"0,0"
"0,0"
"0,0"
"0,0"
"0,0"
"0,0"
"0,0"
"0,0"
"0,0"
"0,0"
"0,0"
"4,03628e-05"
"0,000218297"
"0,000392792"
"0,000500901"
"0,000231111"
"0,000226385"
"0,000218791"
"0,000187487"
"0,000117145"
"4,62126e-05"
"0,0"
"0,0"
"0,0"
"0,0"
"0,0"
"0,0"
"0,0"
"0,0"
"0,0"
"0,0"
"0,0"
"0,0"
"0,0"
"0,0"
"3,07177e-05"
"0,000188584"
"0,000331481"
"0,00043314"
"0,000483145"
"0,0004959"
"0,000472844"
"0,000408897"
"0,00029382"
"0,000151269"
"0,0"
"0,0"
"0,0"
"0,0"
"0,0"
"0,0"
"0,0"
"0,0"
"0,0"
"0,0"
"0,0"
"0,0"
"0,0"
"0,0"
"2,0093e-05"
"0,000180812"
"0,000328307"
"0,000425076"
"0,000491354"
"0,000510661"
"0,000475042"
"0,000399996"
"0,00027971"
"0,000135347"
"0,0"
"0,0"
"0,0"
"0,0"
"0,0"
"0,0"
"0,0"
"0,0"
"0,0"
"0,0"
"0,0"
"0,0"
"0,0"
"0,0"
"0,0"
"0,000126049"
"0,000247149"
"0,000376462"
"0,000405715"
"0,000391416"
"0,000332016"
"0,000268601"
"0,000237248"
"0,000121431"
"0,0"
"0,0"
"0,0"
"0,0"
"0,0"
"0,0"
"0,0"
"0,0"
"0,0"
"0,0"
"0,0"
"0,0"
"0,0"
"0,0"
"0,0"
"0,0"
"2,91562e-05"
"6,19499e-05"
"6,19273e-05"
"8,94824e-05"
"6,99898e-05"
"5,23577e-05"
"2,7539e-05"
"0,0"
"0,0"
"0,0"
"0,0"
"0,0"
"0,0"
"0,0"
"0,0"
"0,0"
"0,0"
"0,0"
"0,0"
"0,0"
"0,0"
"0,0"
"0,0"
"0,0"
"2,66817e-05"
"5,46707e-05"
"8,12148e-05"
"7,81322e-05"
"6,74398e-05"
"3,01266e-05"
"0,0"
"0,0"
"0,0"
"0,0"
"0,0"
"0,0"
"0,0"
"0,0"
"0,0"
"0,0"
"0,0"
"0,0"
"0,0"
"0,0"
"0,0"
"0,0"
"0,0"
"0,0"
"0,0"
"0,0"
"0,0"
"7,76892e-05"
"0,000103751"
"9,16488e-05"
"0,000187227"
"7,51037e-05"
"0,0"
"0,0"
"0,0"
"0,0"
"0,0"
"0,0"
"0,0"
"0,0"
"0,0"
"0,0"
"0,0"
"0,0"
"0,0"
"0,0"
"0,0"
"3,6237e-05"
"0,000101926"
"0,000141745"
"0,000120128"
"0,000138999"
"9,34791e-05"
"4,46593e-05"
"8,44976e-06"
"0,0"
"0,0"
"0,0"
"0,0"
"0,0"
"0,0"
"0,0"
"0,0"
"0,0"
"0,0"
"0,0"
"0,0"
"0,0"
"0,0"
"0,0"
"7,28956e-06"
"0,000176974"
"0,000364884"
"0,000438422"
"0,00058216"
"0,000608822"
"0,000571991"
"0,000478794"
"0,000326548"
"0,000169043"
"0,0"
"0,0"
"0,0"
"0,0"
"0,0"
"0,0"
"0,0"
"0,0"
"0,0"
"0,0"
"0,0"
"0,0"
"0,0"
"0,0"
"2,22122e-05"
"0,000197705"
"0,000352059"
"0,000469909"
"0,000538238"
"0,000552845"
"0,000517265"
"0,00042962"
"0,000299894"
"0,000138957"
"0,0"
"0,0"
"0,0"
"0,0"
"0,0"
"0,0"
"0,0"
"0,0"
"0,0"
"0,0"
"0,0"
"0,0"
"0,0"
"0,0"
"3,6894e-05"
"0,000215556"
"0,00037643"
"0,000496908"
"0,000567026"
"0,000585015"
"0,000548719"
"0,000461841"
"0,000327896"
"0,000165034"
"0,0"
"0,0"
"0,0"
"0,0"
"0,0"
"0,0"
"0,0"
"0,0"
"0,0"
"0,0"
"0,0"
"0,0"
"0,0"
"0,0"
"1,99875e-05"
"0,00015011"
"0,000278986"
"0,000344332"
"0,000412138"
"0,000416787"
"0,000381651"
"0,000277889"
"0,000224703"
"9,34748e-05"
"0,0"
"0,0"
"0,0"
"0,0"
"0,0"
"0,0"
"0,0"
"0,0"
"0,0"
"0,0"
"0,0"
"0,0"
"0,0"
"0,0"
"0,0"
"0,0"
"0,0"
"0,0"
"0,0"
"0,0"
"0,0"
"0,0"
"0,0"
"0,0"
"0,0"
"0,0"
"0,0"
"0,0"
"0,0"
"0,0"
"0,0"
"0,0"
"0,0"
"0,0"
"0,0"
"0,0"
"0,0"
"0,0"
"0,0"
"0,0"
"2,28332e-05"
"5,40946e-05"
"6,2798e-05"
"8,39268e-05"
"8,50908e-05"
"5,44538e-05"
"1,47255e-05"
"0,0"
"0,0"
"0,0"
"0,0"
"0,0"
"0,0"
"0,0"
"0,0"
"0,0"
"0,0"
"0,0"
"0,0"
"0,0"
"0,0"
"0,0"
"3,1842e-05"
"0,000190957"
"0,000318969"
"0,000416313"
"0,000460471"
"0,000480969"
"0,000450102"
"0,000389022"
"0,000281128"
"0,000144101"
"0,0"
"0,0"
"0,0"
"0,0"
"0,0"
"0,0"
"0,0"
"0,0"
"0,0"
"0,0"
"0,0"
"0,0"
"0,0"
"0,0"
"0,0"
"3,13702e-05"
"7,08974e-05"
"0,000100775"
"0,00012801"
"0,000124454"
"0,000109122"
"7,76701e-05"
"5,73238e-05"
"4,94368e-05"
"0,0"
"0,0"
"0,0"
"0,0"
"0,0"
"0,0"
"0,0"
"0,0"
"0,0"
"0,0"
"0,0"
"0,0"
"0,0"
"0,0"
"7,96002e-05"
"0,000230274"
"0,000371797"
"0,000480386"
"0,00014224"
"0,00017502"
"0,000151594"
"0,000132659"
"0,000117542"
"5,49507e-05"
"0,0"
"0,0"
"0,0"
"0,0"
"0,0"
"0,0"
"0,0"
"0,0"
"0,0"
"0,0"
"0,0"
"0,0"
"0,0"
"0,0"
"0,0"
"3,6992e-05"
"8,93171e-05"
"0,000107653"
"0,000131606"
"0,000122225"
"0,000159032"
"0,000129872"
"8,15121e-05"
"2,65586e-05"
"0,0"
"0,0"
"0,0"
"0,0"
"0,0"
"0,0"
"0,0"
"0,0"
"0,0"
"0,0"
"0,0"
"0,0"
"0,0"
"0,0"
"0,0"
"0,0"
"3,48624e-05"
"5,59801e-05"
"5,67936e-05"
"5,7261e-05"
"5,93383e-05"
"4,55733e-05"
"2,73742e-05"
"8,90129e-06"
"0,0"
"0,0"
"0,0"
"0,0"
"0,0"
"0,0"
"0,0"
"0,0"
"0,0"
"0,0"
"0,0"
"0,0"
"0,0"
"0,0"
"0,0"
"0,0"
"2,66824e-05"
"4,41298e-05"
"5,13239e-05"
"5,74814e-05"
"5,17561e-05"
"4,74124e-05"
"1,96973e-05"
"0,0"
"0,0"
"0,0"
"0,0"
"0,0"
"0,0"
"0,0"
"0,0"
"0,0"
"0,0"
"0,0"
"0,0"
"0,0"
"0,0"
"0,0"
"3,09726e-05"
"0,00016223"
"0,000280245"
"0,000382572"
"0,000425639"
"0,000455825"
"0,000424157"
"0,000369812"
"0,000272653"
"0,000157845"
"5,11212e-06"
"0,0"
"0,0"
"0,0"
"0,0"
"0,0"
"0,0"
"0,0"
"0,0"
"0,0"
"0,0"
"0,0"
"0,0"
"0,0"
"8,99924e-05"
"0,000178503"
"0,000248625"
"0,000287727"
"0,00015332"
"0,000153193"
"1,39015e-05"
"0,0"
"0,0"
"0,0"
"0,0"
"0,0"
"0,0"
"0,0"
"0,0"
"0,0"
"0,0"
"0,0"
"0,0"
"0,0"
"0,0"
"0,0"
"0,0"
"0,0"
"0,0"
"5,31725e-05"
"0,00015335"
"0,000218156"
"0,000171049"
"0,000156893"
"0,0"
"3,99072e-05"
"0,0"
"0,0"
"0,0"
"0,0"
"0,0"
"0,0"
"0,0"
"0,0"
"0,0"
"0,0"
"0,0"
"0,0"
"0,0"
"0,0"
"0,0"
"0,0"
"6,49818e-05"
"0,000237457"
"0,000389539"
"0,000504955"
"0,000575578"
"0,000597694"
"0,000560355"
"0,00047882"
"0,00035058"
"0,000193186"
"2,68225e-05"
"0,0"
"0,0"
"0,0"
"0,0"
"0,0"
"0,0"
"0,0"
"0,0"
"0,0"
"0,0"
"0,0"
"0,0"
"0,0"
"4,93391e-05"
"0,000222051"
"0,000373852"
"0,000492476"
"0,000560619"
"0,000582795"
"0,000548879"
"0,000466221"
"0,000337908"
"0,000178994"
"1,04367e-05"
"0,0"
"0,0"
"0,0"
"0,0"
"0,0"
"0,0"
"0,0"
"0,0"
"0,0"
"0,0"
"0,0"
"0,0"
"0,0"
"0,0"
"3,90908e-05"
"0,00014821"
"0,000159723"
"0,000280742"
"0,000325085"
"0,000483118"
"0,000443681"
"0,000326237"
"0,000155386"
"1,67509e-05"
"0,0"
"0,0"
"0,0"
"0,0"
"0,0"
"0,0"
"0,0"
"0,0"
"0,0"
"0,0"
"0,0"
"0,0"
"0,0"
"0,0"
"2,71539e-05"
"5,05167e-05"
"6,12801e-05"
"8,83021e-05"
"0,000104095"
"9,30152e-05"
"8,07284e-05"
"4,288e-05"
"1,9588e-05"
"0,0"
"0,0"
"0,0"
"0,0"
"0,0"
"0,0"
"0,0"
"0,0"
"0,0"
"0,0"
"0,0"
"0,0"
"0,0"
"0,0"
"6,52266e-06"
"4,05539e-05"
"2,37935e-05"
"0,000120757"
"0,0"
"0,0"
"0,000179194"
"0,000292932"
"0,000181874"
"0,000137127"
"3,87318e-06"
"0,0"
"0,0"
"0,0"
"0,0"
"0,0"
"0,0"
"0,0"
"0,0"
"0,0"
"0,0"
"0,0"
"0,0"
"0,0"
"5,21148e-05"
"0,000254806"
"0,000404069"
"0,00051446"
"0,000158616"
"0,000105539"
"9,42376e-05"
"6,93569e-05"
"4,33773e-05"
"3,00999e-05"
"0,0"
"0,0"
"0,0"
"0,0"
"0,0"
"0,0"
"0,0"
"0,0"
"0,0"
"0,0"
"0,0"
"0,0"
"0,0"
"0,0"
"0,0"
"0,0"
"3,26199e-05"
"5,8789e-05"
"8,94241e-05"
"7,68405e-05"
"5,70564e-05"
"3,89874e-05"
"1,53152e-05"
"0,0"
"0,0"
"0,0"
"0,0"
"0,0"
"0,0"
"0,0"
"0,0"
"0,0"
"0,0"
"0,0"
"0,0"
"0,0"
"0,0"
"0,0"
"2,77898e-05"
"0,000215991"
"0,000269638"
"0,000277803"
"0,000186276"
"0,000337028"
"0,000269528"
"0,0"
"0,0"
"0,0"
"0,0"
"0,0"
"0,0"
"0,0"
"0,0"
"0,0"
"0,0"
"0,0"
"0,0"
"0,0"
"0,0"
"0,0"
"0,0"
"0,0"
"2,2539e-05"
"0,00016898"
"0,00029518"
"0,000386632"
"0,000443228"
"0,000427531"
"0,000417779"
"0,000344385"
"0,00025596"
"0,000139434"
"4,21882e-06"
"0,0"
"0,0"
"0,0"
"0,0"
"0,0"
"0,0"
"0,0"
"0,0"
"0,0"
"0,0"
"0,0"
"0,0"
"0,0"
"6,6693e-05"
"8,2551e-05"
"9,55152e-05"
"0,000282758"
"8,99845e-05"
"0,000186817"
"0,000113241"
"0,0"
"0,00012418"
"5,30496e-05"
"0,0"
"0,0"
"0,0"
"0,0"
"0,0"
"0,0"
"0,0"
"0,0"
"0,0"
"0,0"
"0,0"
"0,0"
"0,0"
"0,0"
"0,0"
"0,0"
"6,61531e-05"
"0,000197876"
"0,00026482"
"0,00028545"
"0,000313125"
"0,000226565"
"0,000107795"
"4,20532e-05"
"3,56924e-06"
"0,0"
"0,0"
"0,0"
"0,0"
"0,0"
"0,0"
"0,0"
"0,0"
"0,0"
"0,0"
"0,0"
"0,0"
"0,0"
"2,90963e-05"
"0,00019881"
"0,000350713"
"0,000466459"
"0,000532978"
"0,000550713"
"0,000516806"
"0,000435686"
"0,000311844"
"0,000155125"
"0,0"
"0,0"
"0,0"
"0,0"
"0,0"
"0,0"
"0,0"
"0,0"
"0,0"
"0,0"
"0,0"
"0,0"
"0,0"
"0,0"
"2,41067e-05"
"0,000185963"
"0,000332361"
"0,000445326"
"0,000511907"
"0,000528049"
"0,000499101"
"0,000426459"
"0,000307555"
"0,000158703"
"0,0"
"0,0"
"0,0"
"0,0"
"0,0"
"0,0"
"0,0"
"0,0"
"0,0"
"0,0"
"0,0"
"0,0"
"0,0"
"0,0"
"2,21121e-05"
"0,000143675"
"0,000238651"
"0,000373518"
"0,000370009"
"0,000407471"
"0,000404719"
"0,000329516"
"0,000223476"
"0,000119922"
"3,48476e-06"
"0,0"
"0,0"
"0,0"
"0,0"
"0,0"
"0,0"
"0,0"
"0,0"
"0,0"
"0,0"
"0,0"
"0,0"
"0,0"
"7,22188e-05"
"0,000133717"
"0,000259163"
"0,000137658"
"0,000202917"
"0,000123201"
"2,99876e-05"
"8,92886e-05"
"8,42893e-05"
"1,90479e-05"
"0,0"
"0,0"
"0,0"
"0,0"
"0,0"
"0,0"
"0,0"
"0,0"
"0,0"
"0,0"
"0,0"
"0,0"
"0,0"
"0,0"
"7,251e-05"
"0,000245366"
"0,000345034"
"0,000295486"
"0,0"
"6,44719e-06"
"9,27814e-05"
"0,000127429"
"0,000169405"
"2,66727e-05"
"7,39067e-06"
"0,0"
"0,0"
"0,0"
"0,0"
"0,0"
"0,0"
"0,0"
"0,0"
"0,0"
"0,0"
"0,0"
"0,0"
"0,0"
"4,64423e-05"
"0,000187576"
"0,000305145"
"0,000399646"
"0,000460444"
"0,000475397"
"0,00045808"
"0,000400064"
"0,000287165"
"0,00016785"
"3,07851e-05"
"0,0"
"0,0"
"0,0"
"0,0"
"0,0"
"0,0"
"0,0"
"0,0"
"0,0"
"0,0"
"0,0"
"0,0"
"0,0"
"1,64637e-05"
"7,33256e-05"
"0,000142374"
"0,000188388"
"0,000204262"
"0,000224572"
"0,000175348"
"0,00015571"
"0,000128569"
"8,32851e-05"
"1,83732e-05"
"0,0"
"0,0"
"0,0"
"0,0"
"0,0"
"0,0"
"0,0"
"0,0"
"0,0"
"0,0"
"0,0"
"0,0"
"0,0"
"4,33814e-05"
"0,000215256"
"0,000369959"
"0,000488919"
"0,000559185"
"0,00057845"
"0,000548026"
"0,000466107"
"0,000340741"
"0,000186415"
"2,34778e-05"
"0,0"
"0,0"
"0,0"
"0,0"
"0,0"
"0,0"
"0,0"
"0,0"
"0,0"
"0,0"
"0,0"
"0,0"
"0,0"
"0,0"
"4,75367e-05"
"8,21506e-05"
"0,000143148"
"0,000163284"
"0,000166401"
"0,000145751"
"0,000118022"
"7,78442e-05"
"2,14975e-05"
"0,0"
"0,0"
"0,0"
"0,0"
"0,0"
"0,0"
"0,0"
"0,0"
"0,0"
"0,0"
"0,0"
"0,0"
"0,0"
"0,0"
"3,04713e-05"
"0,000183844"
"0,000321444"
"0,000428718"
"0,000494373"
"0,000509019"
"0,000487305"
"0,000417006"
"0,000311879"
"0,000169391"
"1,66429e-05"
"0,0"
"0,0"
"0,0"
"0,0"
"0,0"
"0,0"
"0,0"
"0,0"
"0,0"
"0,0"
"0,0"
"0,0"
"0,0"
"0,0"
"4,81789e-05"
"0,000132225"
"0,000121852"
"0,0001943"
"0,000201107"
"0,00017462"
"0,000206465"
"0,000196805"
"8,53085e-05"
"1,09201e-05"
"0,0"
"0,0"
"0,0"
"0,0"
"0,0"
"0,0"
"0,0"
"0,0"
"0,0"
"0,0"
"0,0"
"0,0"
"0,0"
"0,0"
"0,0"
"1,25715e-05"
"2,68815e-05"
"3,37218e-05"
"3,05377e-05"
"3,36371e-05"
"1,13782e-05"
"6,30705e-06"
"0,0"
"0,0"
"0,0"
"0,0"
"0,0"
"0,0"
"0,0"
"0,0"
"0,0"
"0,0"
"0,0"
"0,0"
"0,0"
"0,0"
"0,0"
"0,0"
"8,15169e-06"
"3,4975e-05"
"6,05317e-05"
"8,21232e-05"
"8,13133e-05"
"7,68455e-05"
"6,40862e-05"
"4,5324e-05"
"1,90541e-05"
"0,0"
"0,0"
"0,0"
"0,0"
"0,0"
"0,0"
"0,0"
"0,0"
"0,0"
"0,0"
"0,0"
"0,0"
"0,0"
"0,0"
"6,03323e-05"
"0,000235523"
"0,000347632"
"0,000415437"
"0,000215491"
"0,000159157"
"0,000110221"
"8,78267e-05"
"0,000155882"
"8,37856e-05"
"1,88327e-05"
"0,0"
"0,0"
"0,0"
"0,0"
"0,0"
"0,0"
"0,0"
"0,0"
"0,0"
"0,0"
"0,0"
"0,0"
"0,0"
"5,16304e-05"
"0,00018339"
"0,000303175"
"0,00039292"
"0,000453354"
"0,000464547"
"0,000442392"
"0,000367953"
"0,00027286"
"0,000158131"
"4,30107e-05"
"0,0"
"0,0"
"0,0"
"0,0"
"0,0"
"0,0"
"0,0"
"0,0"
"0,0"
"0,0"
"0,0"
"0,0"
"0,0"
"0,0"
"4,79446e-05"
"0,000100807"
"0,000168327"
"8,53022e-05"
"0,000141924"
"0,000237894"
"0,000187194"
"0,000107484"
"0,000131354"
"3,56215e-05"
"0,0"
"0,0"
"0,0"
"0,0"
"0,0"
"0,0"
"0,0"
"0,0"
"0,0"
"0,0"
"0,0"
"0,0"
"0,0"
"4,91895e-05"
"0,000144466"
"0,000323727"
"0,000346409"
"0,000138576"
"0,000248612"
"0,000250764"
"0,00019678"
"0,000184329"
"0,000139964"
"2,65208e-05"
"0,0"
"0,0"
"0,0"
"0,0"
"0,0"
"0,0"
"0,0"
"0,0"
"0,0"
"0,0"
"0,0"
"0,0"
"0,0"
"1,19325e-05"
"6,90604e-05"
"0,000122782"
"0,000191513"
"0,000189531"
"0,000198708"
"0,000186052"
"0,000171967"
"0,000114385"
"8,5727e-05"
"2,54448e-05"
"0,0"
"0,0"
"0,0"
"0,0"
"0,0"
"0,0"
"0,0"
"0,0"
"0,0"
"0,0"
"0,0"
"0,0"
"0,0"
"0,0"
"0,0"
"4,84178e-06"
"2,39101e-05"
"2,81707e-05"
"3,02977e-05"
"2,80045e-05"
"1,0429e-05"
"0,0"
"0,0"
"0,0"
"0,0"
"0,0"
"0,0"
"0,0"
"0,0"
"0,0"
"0,0"
"0,0"
"0,0"
"0,0"
"0,0"
"0,0"
"0,0"
"2,82457e-05"
"0,000125033"
"0,000218981"
"0,000295723"
"0,000350388"
"0,000349289"
"0,000329692"
"0,000269465"
"0,000187992"
"0,000116999"
"3,58377e-05"
"0,0"
"0,0"
"0,0"
"0,0"
"0,0"
"0,0"
"0,0"
"0,0"
"0,0"
"0,0"
"0,0"
"0,0"
"0,0"
"2,65759e-05"
"0,000174244"
"0,000297469"
"0,00039176"
"0,000445403"
"0,000461899"
"0,000438167"
"0,000376744"
"0,000277105"
"0,000151957"
"2,27823e-05"
"0,0"
"0,0"
"0,0"
"0,0"
"0,0"
"0,0"
"0,0"
"0,0"
"0,0"
"0,0"
"0,0"
"0,0"
"0,0"
"0,0"
"2,43187e-05"
"6,02715e-05"
"8,60394e-05"
"0,000125021"
"0,000154951"
"0,000147087"
"0,000114035"
"7,70215e-05"
"3,29815e-05"
"0,0"
"0,0"
"0,0"
"0,0"
"0,0"
"0,0"
"0,0"
"0,0"
"0,0"
"0,0"
"0,0"
"0,0"
"0,0"
"0,0"
"6,84343e-05"
"0,000137051"
"0,00025555"
"0,00025216"
"0,000225429"
"0,00021469"
"0,0"
"0,0"
"9,15367e-05"
"0,000103589"
"0,0"
"0,0"
"0,0"
"0,0"
"0,0"
"0,0"
"0,0"
"0,0"
"0,0"
"0,0"
"0,0"
"0,0"
"0,0"
"0,0"
"0,0"
"0,0"
"0,0"
"0,0"
"0,0"
"0,0"
"0,0"
"0,0"
"0,0"
"0,0"
"0,0"
"0,0"
"0,0"
"0,0"
"0,0"
"0,0"
"0,0"
"0,0"
"0,0"
"0,0"
"0,0"
"0,0"
"0,0"
"0,0"
"4,71799e-05"
"0,000203069"
"0,000357857"
"0,000534929"
"0,000368972"
"0,000306976"
"0,00029033"
"0,000169418"
"0,000137295"
"6,68906e-05"
"2,48867e-05"
"0,0"
"0,0"
"0,0"
"0,0"
"0,0"
"0,0"
"0,0"
"0,0"
"0,0"
"0,0"
"0,0"
"0,0"
"0,0"
"4,0597e-05"
"0,000200046"
"0,000344244"
"0,000452979"
"0,000522469"
"0,000549262"
"0,000528035"
"0,000456398"
"0,000342497"
"0,000197167"
"4,33784e-05"
"0,0"
"0,0"
"0,0"
"0,0"
"0,0"
"0,0"
"0,0"
"0,0"
"0,0"
"0,0"
"0,0"
"0,0"
"0,0"
"3,02121e-05"
"0,000194041"
"0,000343838"
"0,000454073"
"0,000519319"
"0,000538782"
"0,000509216"
"0,000442201"
"0,000322787"
"0,000176273"
"2,35937e-05"
"0,0"
"0,0"
"0,0"
"0,0"
"0,0"
"0,0"
"0,0"
"0,0"
"0,0"
"0,0"
"0,0"
"0,0"
"0,0"
"2,1066e-05"
"0,00017372"
"0,000314054"
"0,000416454"
"0,000479358"
"0,000502967"
"0,000480847"
"0,000412877"
"0,000306611"
"0,000172081"
"2,3599e-05"
"0,0"
"0,0"
"0,0"
"0,0"
"0,0"
"0,0"
"0,0"
"0,0"
"0,0"
"0,0"
"0,0"
"0,0"
"0,0"
"1,58711e-05"
"0,000157007"
"0,000290949"
"0,000383931"
"0,000444924"
"0,000468463"
"0,000468134"
"0,000414241"
"0,000309571"
"0,000168607"
"1,56192e-05"
"0,0"
"0,0"
"0,0"
"0,0"
"0,0"
"0,0"
"0,0"
"0,0"
"0,0"
"0,0"
"0,0"
"0,0"
"0,0"
"0,0"
"0,0"
"6,48307e-06"
"2,93006e-06"
"1,52873e-05"
"2,2519e-05"
"1,69051e-05"
"2,19215e-05"
"0,0"
"0,0"
"0,0"
"0,0"
"0,0"
"0,0"
"0,0"
"0,0"
"0,0"
"0,0"
"0,0"
"0,0"
"0,0"
"0,0"
"0,0"
"0,0"
"0,0"
"1,10227e-05"
"3,94509e-05"
"7,96976e-05"
"8,28551e-05"
"9,24134e-05"
"8,01329e-05"
"7,46137e-05"
"5,27332e-05"
"3,3104e-05"
"1,89245e-07"
"0,0"
"0,0"
"0,0"
"0,0"
"0,0"
"0,0"
"0,0"
"0,0"
"0,0"
"0,0"
"0,0"
"0,0"
"0,0"
"4,52751e-05"
"0,00015027"
"0,000240748"
"0,000315873"
"0,000363721"
"0,000384413"
"0,000356848"
"0,00030505"
"0,000239321"
"0,000148915"
"5,34045e-05"
"0,0"
"0,0"
"0,0"
"0,0"
"0,0"
"0,0"
"0,0"
"0,0"
"0,0"
"0,0"
"0,0"
"0,0"
"0,0"
"0,0"
"1,78097e-05"
"5,73843e-05"
"8,72366e-05"
"0,000107464"
"0,000106049"
"9,65417e-05"
"7,50434e-05"
"5,15112e-05"
"1,80673e-05"
"0,0"
"0,0"
"0,0"
"0,0"
"0,0"
"0,0"
"0,0"
"0,0"
"0,0"
"0,0"
"0,0"
"0,0"
"0,0"
"0,0"
"2,82488e-05"
"0,000181652"
"0,00031469"
"0,000419501"
"0,000478145"
"0,0004905"
"0,000469206"
"0,000406471"
"0,000306364"
"0,000174176"
"3,58447e-05"
"0,0"
"0,0"
"0,0"
"0,0"
"0,0"
"0,0"
"0,0"
"0,0"
"0,0"
"0,0"
"0,0"
"0,0"
"0,0"
"3,06308e-05"
"0,000166397"
"0,000365783"
"0,000532001"
"0,000148186"
"8,64114e-05"
"0,00011553"
"0,000147382"
"0,000184247"
"9,42853e-05"
"2,42647e-05"
"0,0"
"0,0"
"0,0"
"0,0"
"0,0"
"0,0"
"0,0"
"0,0"
"0,0"
"0,0"
"0,0"
"0,0"
"0,0"
"2,96036e-05"
"0,000136764"
"0,000400584"
"0,00023526"
"6,15449e-05"
"1,42956e-05"
"0,000113536"
"0,0"
"4,33683e-05"
"0,0"
"0,0"
"0,0"
"0,0"
"0,0"
"0,0"
"0,0"
"0,0"
"0,0"
"0,0"
"0,0"
"0,0"
"0,0"
"0,0"
"0,0"
"0,0"
"0,0"
"0,0"
"0,0"
"0,0"
"0,0"
"0,0"
"0,0"
"0,0"
"0,0"
"0,0"
"0,0"
"0,0"
"0,0"
"0,0"
"0,0"
"0,0"
"0,0"
"0,0"
"0,0"
"0,0"
"0,0"
"0,0"
"0,0"
"0,0"
"5,17657e-06"
"2,25527e-05"
"9,16292e-05"
"3,44598e-05"
"0,000170678"
"0,0"
"0,0"
"0,000262276"
"8,75487e-05"
"0,0"
"0,0"
"0,0"
"0,0"
"0,0"
"0,0"
"0,0"
"0,0"
"0,0"
"0,0"
"0,0"
"0,0"
"0,0"
"0,0"
"0,0"
"0,0"
"0,0"
"0,0"
"6,27127e-05"
"5,7329e-05"
"0,000143377"
"0,000204661"
"0,000173884"
"4,86475e-05"
"8,30902e-06"
"0,0"
"0,0"
"0,0"
"0,0"
"0,0"
"0,0"
"0,0"
"0,0"
"0,0"
"0,0"
"0,0"
"0,0"
"0,0"
"1,88335e-05"
"0,000160515"
"0,000287761"
"0,000387535"
"0,000442267"
"0,000468789"
"0,000427397"
"0,000365772"
"0,000267751"
"0,00015065"
"2,78443e-05"
"0,0"
"0,0"
"0,0"
"0,0"
"0,0"
"0,0"
"0,0"
"0,0"
"0,0"
"0,0"
"0,0"
"0,0"
"0,0"
"0,0"
"0,0"
"8,89334e-05"
"0,000131707"
"0,000116239"
"0,000154775"
"0,00020457"
"0,000186268"
"0,000136887"
"3,74692e-05"
"9,68913e-06"
"0,0"
"0,0"
"0,0"
"0,0"
"0,0"
"0,0"
"0,0"
"0,0"
"0,0"
"0,0"
"0,0"
"0,0"
"0,0"
"2,66224e-05"
"0,000141847"
"0,000241752"
"0,000328567"
"0,000381721"
"0,000390212"
"0,000372394"
"0,000323764"
"0,00024737"
"0,000146772"
"3,48008e-05"
"0,0"
"0,0"
"0,0"
"0,0"
"0,0"
"0,0"
"0,0"
"0,0"
"0,0"
"0,0"
"0,0"
"0,0"
"0,0"
"1,08489e-05"
"0,00013812"
"0,000258402"
"0,000352195"
"0,000412133"
"0,000425842"
"0,000404062"
"0,000352533"
"0,00025882"
"0,000142332"
"1,69421e-05"
"0,0"
"0,0"
"0,0"
"0,0"
"0,0"
"0,0"
"0,0"
"0,0"
"0,0"
"0,0"
"0,0"
"0,0"
"0,0"
"4,61624e-05"
"0,000172747"
"0,000287762"
"0,000375116"
"0,00042808"
"0,000452052"
"0,000435957"
"0,000377536"
"0,000290803"
"0,000183122"
"6,55044e-05"
"0,0"
"0,0"
"0,0"
"0,0"
"0,0"
"0,0"
"0,0"
"0,0"
"0,0"
"0,0"
"0,0"
"0,0"
"0,0"
"4,1321e-05"
"0,000203103"
"0,000355255"
"0,000473671"
"0,000543095"
"0,000569281"
"0,000548645"
"0,000480111"
"0,00036493"
"0,000217316"
"5,21481e-05"
"0,0"
"0,0"
"0,0"
"0,0"
"0,0"
"0,0"
"0,0"
"0,0"
"0,0"
"0,0"
"0,0"
"0,0"
"0,0"
"0,0"
"1,56518e-05"
"0,000146617"
"0,000166932"
"0,000324184"
"0,000301393"
"0,00013555"
"7,81513e-05"
"6,49576e-05"
"1,48349e-05"
"0,0"
"0,0"
"0,0"
"0,0"
"0,0"
"0,0"
"0,0"
"0,0"
"0,0"
"0,0"
"0,0"
"0,0"
"0,0"
"0,0"
"0,0"
"0,0"
"0,0"
"0,000102513"
"7,23845e-05"
"7,57244e-05"
"0,0001488"
"8,7229e-05"
"7,80072e-05"
"4,37476e-05"
"0,0"
"0,0"
"0,0"
"0,0"
"0,0"
"0,0"
"0,0"
"0,0"
"0,0"
"0,0"
"0,0"
"0,0"
"0,0"
"0,0"
"5,05056e-05"
"0,000146305"
"0,000310688"
"0,000477917"
"0,000610167"
"0,000403168"
"4,66569e-05"
"0,0"
"0,0"
"0,0"
"0,0"
"0,0"
"0,0"
"0,0"
"0,0"
"0,0"
"0,0"
"0,0"
"0,0"
"0,0"
"0,0"
"0,0"
"0,0"
"0,0"
"2,63888e-06"
"0,000143714"
"0,000280745"
"0,000376146"
"0,00044351"
"0,000470679"
"0,000441411"
"0,000379148"
"0,000279624"
"0,000153612"
"7,96178e-06"
"0,0"
"0,0"
"0,0"
"0,0"
"0,0"
"0,0"
"0,0"
"0,0"
"0,0"
"0,0"
"0,0"
"0,0"
"0,0"
"8,12402e-06"
"0,000160968"
"0,000298384"
"0,000405789"
"0,000478224"
"0,000498921"
"0,000448225"
"0,000373574"
"0,000266008"
"0,000142219"
"2,06983e-05"
"0,0"
"0,0"
"0,0"
"0,0"
"0,0"
"0,0"
"0,0"
"0,0"
"0,0"
"0,0"
"0,0"
"0,0"
"0,0"
"4,25471e-05"
"0,000172909"
"0,000218358"
"0,000175993"
"0,000186035"
"5,3272e-05"
"0,000136802"
"0,000253134"
"0,000225253"
"0,0"
"0,0"
"0,0"
"0,0"
"0,0"
"0,0"
"0,0"
"0,0"
"0,0"
"0,0"
"0,0"
"0,0"
"0,0"
"0,0"
"0,0"
"1,36957e-05"
"3,49444e-05"
"7,26015e-05"
"6,65186e-05"
"0,000109079"
"5,5832e-05"
"2,73937e-05"
"8,55344e-05"
"0,0"
"0,0"
"0,0"
"0,0"
"0,0"
"0,0"
"0,0"
"0,0"
"0,0"
"0,0"
"0,0"
"0,0"
"0,0"
"0,0"
"0,0"
"0,0"
"0,0"
"0,0"
"0,0"
"5,11743e-05"
"8,66898e-05"
"0,000116957"
"0,000105141"
"0,000131691"
"6,57734e-05"
"8,42368e-05"
"4,67078e-06"
"0,0"
"0,0"
"0,0"
"0,0"
"0,0"
"0,0"
"0,0"
"0,0"
"0,0"
"0,0"
"0,0"
"0,0"
"0,0"
"1,6235e-05"
"0,000150441"
"0,000225659"
"0,000349702"
"0,000433016"
"0,000422713"
"0,000395573"
"0,000350272"
"0,000199884"
"0,000103751"
"2,82408e-05"
"0,0"
"0,0"
"0,0"
"0,0"
"0,0"
"0,0"
"0,0"
"0,0"
"0,0"
"0,0"
"0,0"
"0,0"
"0,0"
"0,0"
"0,0"
"0,0"
"4,15813e-06"
"2,41174e-05"
"4,41326e-05"
"2,1362e-05"
"0,0"
"0,0"
"0,0"
"0,0"
"0,0"
"0,0"
"0,0"
"0,0"
"0,0"
"0,0"
"0,0"
"0,0"
"0,0"
"0,0"
"0,0"
"0,0"
"0,0"
"0,0"
"7,6514e-05"
"0,000229456"
"0,000265787"
"0,000313169"
"0,000362631"
"0,000376657"
"0,000297709"
"0,000238251"
"0,000168752"
"2,62814e-05"
"0,0"
"0,0"
"0,0"
"0,0"
"0,0"
"0,0"
"0,0"
"0,0"
"0,0"
"0,0"
"0,0"
"0,0"
"0,0"
"0,0"
"0,0"
"5,46972e-05"
"7,18136e-05"
"8,73774e-05"
"4,89869e-05"
"9,80681e-05"
"0,000108501"
"0,00013189"
"9,75826e-05"
"9,60359e-06"
"0,0"
"0,0"
"0,0"
"0,0"
"0,0"
"0,0"
"0,0"
"0,0"
"0,0"
"0,0"
"0,0"
"0,0"
"0,0"
"4,2646e-06"
"0,000166736"
"0,000258677"
"0,000344973"
"0,000367618"
"0,000360999"
"0,000373066"
"0,000258609"
"0,000169503"
"6,7165e-05"
"0,0"
"0,0"
"0,0"
"0,0"
"0,0"
"0,0"
"0,0"
"0,0"
"0,0"
"0,0"
"0,0"
"0,0"
"0,0"
"0,0"
"0,0"
"8,11895e-05"
"0,00027733"
"0,000266479"
"0,000536858"
"0,00037806"
"0,000257223"
"0,000176546"
"0,000144714"
"4,17701e-05"
"6,10482e-06"
"0,0"
"0,0"
"0,0"
"0,0"
"0,0"
"0,0"
"0,0"
"0,0"
"0,0"
"0,0"
"0,0"
"0,0"
"0,0"
"5,66737e-06"
"0,00014384"
"0,000275871"
"0,000379672"
"0,000468925"
"0,000490027"
"0,000451217"
"0,00039598"
"0,000301026"
"0,00015849"
"1,25262e-05"
"0,0"
"0,0"
"0,0"
"0,0"
"0,0"
"0,0"
"0,0"
"0,0"
"0,0"
"0,0"
"0,0"
"0,0"
"0,0"
"0,0"
"0,0"
"0,0"
"1,55887e-07"
"1,13578e-05"
"2,02082e-05"
"1,49801e-05"
"1,47445e-05"
"0,0"
"0,0"
"0,0"
"0,0"
"0,0"
"0,0"
"0,0"
"0,0"
"0,0"
"0,0"
"0,0"
"0,0"
"0,0"
"0,0"
"0,0"
"0,0"
"0,0"
"0,0"
"0,0"
"0,0"
"0,0"
"0,0"
"0,0"
"0,0"
"0,0"
"0,0"
"0,0"
"0,0"
"0,0"
"0,0"
"0,0"
"0,0"
"0,0"
"0,0"
"0,0"
"0,0"
"0,0"
"0,0"
"0,0"
"0,0"
"1,58753e-05"
"0,00018907"
"0,000350818"
"0,000480045"
"0,000560483"
"0,000587636"
"0,000561454"
"0,000479273"
"0,000349859"
"0,000188201"
"1,49127e-05"
"0,0"
"0,0"
"0,0"
"0,0"
"0,0"
"0,0"
"0,0"
"0,0"
"0,0"
"0,0"
"0,0"
"0,0"
"0,0"
"1,38597e-05"
"0,000179041"
"0,000336453"
"0,000472832"
"0,000553351"
"0,000584641"
"0,000550742"
"0,000476878"
"0,000357601"
"0,000195658"
"3,19722e-05"
"0,0"
"0,0"
"0,0"
"0,0"
"0,0"
"0,0"
"0,0"
"0,0"
"0,0"
"0,0"
"0,0"
"0,0"
"0,0"
"2,56253e-05"
"0,000202216"
"0,00036759"
"0,000498981"
"0,000577634"
"0,000600205"
"0,000567548"
"0,000483822"
"0,000357468"
"0,000195364"
"3,06594e-05"
"0,0"
"0,0"
"0,0"
"0,0"
"0,0"
"0,0"
"0,0"
"0,0"
"0,0"
"0,0"
"0,0"
"0,0"
"0,0"
"2,60788e-05"
"0,00018776"
"0,000330507"
"0,000432824"
"0,000510166"
"0,000516587"
"0,000498513"
"0,000430419"
"0,000323147"
"0,000179344"
"3,41618e-05"
"0,0"
"0,0"
"0,0"
"0,0"
"0,0"
"0,0"
"0,0"
"0,0"
"0,0"
"0,0"
"0,0"
"0,0"
"0,0"
"2,16067e-05"
"0,000197916"
"0,000365464"
"0,000493159"
"0,000574625"
"0,00059927"
"0,00057106"
"0,000487648"
"0,000358858"
"0,000198614"
"2,7102e-05"
"0,0"
"0,0"
"0,0"
"0,0"
"0,0"
"0,0"
"0,0"
"0,0"
"0,0"
"0,0"
"0,0"
"0,0"
"0,0"
"2,87948e-06"
"0,000101211"
"0,000170432"
"0,000160766"
"0,000143262"
"0,000116232"
"0,000114743"
"0,000105384"
"7,4149e-07"
"0,0"
"0,0"
"0,0"
"0,0"
"0,0"
"0,0"
"0,0"
"0,0"
"0,0"
"0,0"
"0,0"
"0,0"
"0,0"
"0,0"
"0,0"
"1,44786e-05"
"0,00023481"
"0,000316487"
"0,000296741"
"0,000229738"
"0,000224994"
"0,000140878"
"0,000145298"
"6,44866e-05"
"0,0"
"0,0"
"0,0"
"0,0"
"0,0"
"0,0"
"0,0"
"0,0"
"0,0"
"0,0"
"0,0"
"0,0"
"0,0"
"0,0"
"0,0"
"0,0"
"3,52355e-05"
"8,62639e-05"
"0,000108502"
"0,00015308"
"0,000162315"
"0,000197468"
"0,000147428"
"0,000136133"
"6,32032e-05"
"0,0"
"0,0"
"0,0"
"0,0"
"0,0"
"0,0"
"0,0"
"0,0"
"0,0"
"0,0"
"0,0"
"0,0"
"0,0"
"0,0"
"2,97696e-05"
"0,000191279"
"0,000337436"
"0,000457378"
"0,000541484"
"0,000568553"
"0,000551773"
"0,00047609"
"0,000349434"
"0,000196269"
"3,4661e-05"
"0,0"
"0,0"
"0,0"
"0,0"
"0,0"
"0,0"
"0,0"
"0,0"
"0,0"
"0,0"
"0,0"
"0,0"
"0,0"
"0,0"
"1,25317e-05"
"5,67208e-05"
"8,84161e-05"
"0,000119345"
"0,000135698"
"0,000114186"
"7,11842e-05"
"6,31913e-05"
"1,90137e-05"
"4,93034e-06"
"0,0"
"0,0"
"0,0"
"0,0"
"0,0"
"0,0"
"0,0"
"0,0"
"0,0"
"0,0"
"0,0"
"0,0"
"0,0"
"8,90208e-06"
"8,76421e-05"
"0,000158739"
"0,00019007"
"0,000200271"
"0,000193927"
"0,000215745"
"0,00017954"
"0,000158517"
"7,3435e-05"
"1,9571e-05"
"0,0"
"0,0"
"0,0"
"0,0"
"0,0"
"0,0"
"0,0"
"0,0"
"0,0"
"0,0"
"0,0"
"0,0"
"0,0"
"0,0"
"5,46598e-05"
"0,000117889"
"0,000167944"
"0,000187213"
"0,000190336"
"0,000224926"
"0,000153025"
"0,000105922"
"4,11242e-05"
"0,0"
"0,0"
"0,0"
"0,0"
"0,0"
"0,0"
"0,0"
"0,0"
"0,0"
"0,0"
"0,0"
"0,0"
"0,0"
"0,0"
"0,0"
"2,93675e-05"
"0,000105599"
"0,000150504"
"0,000173999"
"0,00023982"
"0,000224462"
"0,000209481"
"0,000143243"
"5,14582e-05"
"0,0"
"0,0"
"0,0"
"0,0"
"0,0"
"0,0"
"0,0"
"0,0"
"0,0"
"0,0"
"0,0"
"0,0"
"0,0"
"0,0"
"0,0"
"0,000119766"
"0,000250639"
"0,000326417"
"0,000371636"
"0,000390912"
"0,000352987"
"0,000295399"
"0,000212551"
"0,000101862"
"0,0"
"0,0"
"0,0"
"0,0"
"0,0"
"0,0"
"0,0"
"0,0"
"0,0"
"0,0"
"0,0"
"0,0"
"0,0"
"0,0"
"0,0"
"0,0"
"8,07704e-06"
"2,2885e-05"
"3,94191e-05"
"4,60803e-05"
"4,11016e-05"
"2,02942e-05"
"1,10781e-06"
"0,0"
"0,0"
"0,0"
"0,0"
"0,0"
"0,0"
"0,0"
"0,0"
"0,0"
"0,0"
"0,0"
"0,0"
"0,0"
"0,0"
"0,0"
"0,0"
"0,0"
"3,84814e-05"
"5,55411e-05"
"3,0955e-05"
"3,85025e-05"
"4,52703e-05"
"5,08177e-05"
"6,58082e-05"
"3,51497e-05"
"0,0"
"0,0"
"0,0"
"0,0"
"0,0"
"0,0"
"0,0"
"0,0"
"0,0"
"0,0"
"0,0"
"0,0"
"0,0"
"0,0"
"3,19417e-05"
"0,000251798"
"0,000294571"
"0,00012948"
"0,00041537"
"0,000185429"
"0,000143838"
"0,0"
"0,0"
"2,10578e-05"
"0,0"
"0,0"
"0,0"
"0,0"
"0,0"
"0,0"
"0,0"
"0,0"
"0,0"
"0,0"
"0,0"
"0,0"
"0,0"
"0,0"
"3,04915e-05"
"0,000208408"
"0,000374467"
"0,00050144"
"0,000578947"
"0,000601395"
"0,000568572"
"0,000482233"
"0,000348386"
"0,000183258"
"1,53273e-05"
"0,0"
"0,0"
"0,0"
"0,0"
"0,0"
"0,0"
"0,0"
"0,0"
"0,0"
"0,0"
"0,0"
"0,0"
"0,0"
"0,0"
"0,0"
"0,0"
"0,0"
"0,000115855"
"0,000305243"
"0,000625907"
"0,000553735"
"0,000356463"
"9,83875e-05"
"1,54043e-05"
"0,0"
"0,0"
"0,0"
"0,0"
"0,0"
"0,0"
"0,0"
"0,0"
"0,0"
"0,0"
"0,0"
"0,0"
"0,0"
"0,0"
"0,0"
"0,0"
"6,48324e-05"
"0,000166653"
"0,000368889"
"0,000108382"
"0,00014787"
"2,11678e-05"
"4,5383e-05"
"0,0"
"0,0"
"0,0"
"0,0"
"0,0"
"0,0"
"0,0"
"0,0"
"0,0"
"0,0"
"0,0"
"0,0"
"0,0"
"0,0"
"0,0"
"1,69612e-05"
"6,50262e-05"
"0,0"
"4,25035e-05"
"0,000204949"
"0,000118912"
"0,0"
"0,0"
"0,0"
"0,0"
"0,0"
"0,0"
"0,0"
"0,0"
"0,0"
"0,0"
"0,0"
"0,0"
"0,0"
"0,0"
"0,0"
"0,0"
"0,0"
"8,53539e-06"
"5,94725e-05"
"0,000209923"
"0,000208918"
"0,000317568"
"0,000218506"
"0,000232973"
"0,000277193"
"0,000185375"
"0,000133714"
"2,5601e-05"
"0,0"
"0,0"
"0,0"
"0,0"
"0,0"
"0,0"
"0,0"
"0,0"
"0,0"
"0,0"
"0,0"
"0,0"
"0,0"
"4,02587e-05"
"0,000210104"
"0,000370106"
"0,000493163"
"0,000576317"
"0,000611388"
"0,000565485"
"0,000484429"
"0,00034897"
"0,000190522"
"2,6397e-05"
"0,0"
"0,0"
"0,0"
"0,0"
"0,0"
"0,0"
"0,0"
"0,0"
"0,0"
"0,0"
"0,0"
"0,0"
"0,0"
"2,7857e-05"
"0,000209903"
"0,000378871"
"0,000512273"
"0,000596287"
"0,000620286"
"0,000587547"
"0,000495913"
"0,000354724"
"0,000183764"
"8,15893e-06"
"0,0"
"0,0"
"0,0"
"0,0"
"0,0"
"0,0"
"0,0"
"0,0"
"0,0"
"0,0"
"0,0"
"0,0"
"0,0"
"7,33045e-06"
"0,000180461"
"0,000304653"
"0,000424222"
"0,000342244"
"0,000415108"
"0,000322132"
"0,000301104"
"0,000161346"
"0,00011333"
"0,0"
"0,0"
"0,0"
"0,0"
"0,0"
"0,0"
"0,0"
"0,0"
"0,0"
"0,0"
"0,0"
"0,0"
"0,0"
"0,0"
"2,27079e-05"
"6,2201e-05"
"0,000206783"
"0,000131102"
"0,000121122"
"9,53474e-05"
"0,000292866"
"0,000397209"
"0,000299818"
"0,000204715"
"2,21283e-05"
"0,0"
"0,0"
"0,0"
"0,0"
"0,0"
"0,0"
"0,0"
"0,0"
"0,0"
"0,0"
"0,0"
"0,0"
"0,0"
"0,0"
"5,84622e-05"
"0,000418118"
"0,000564065"
"0,000426127"
"0,000363931"
"0,0"
"0,0"
"0,0"
"0,0"
"0,0"
"0,0"
"0,0"
"0,0"
"0,0"
"0,0"
"0,0"
"0,0"
"0,0"
"0,0"
"0,0"
"0,0"
"0,0"
"0,0"
"0,0"
"0,0"
"0,0"
"3,70919e-06"
"1,3739e-05"
"1,86749e-05"
"9,1614e-06"
"0,0"
"0,0"
"0,0"
"0,0"
"0,0"
"0,0"
"0,0"
"0,0"
"0,0"
"0,0"
"0,0"
"0,0"
"0,0"
"0,0"
"0,0"
"0,0"
"0,0"
"0,0"
"0,0"
"0,0"
"0,0"
"0,0"
"0,0"
"0,0"
"8,38119e-06"
"0,0"
"0,0"
"0,0"
"0,0"
"0,0"
"0,0"
"0,0"
"0,0"
"0,0"
"0,0"
"0,0"
"0,0"
"0,0"
"0,0"
"0,0"
"0,0"
"0,0"
"0,0"
"0,0"
"0,0"
"3,50919e-05"
"1,22025e-05"
"1,50939e-05"
"3,58954e-05"
"2,37652e-05"
"4,10282e-05"
"0,0"
"0,0"
"0,0"
"0,0"
"0,0"
"0,0"
"0,0"
"0,0"
"0,0"
"0,0"
"0,0"
"0,0"
"0,0"
"0,0"
"0,0"
"0,0"
"0,0"
"0,0"
"6,1512e-06"
"8,56454e-06"
"2,54509e-06"
"0,0"
"0,0"
"0,0"
"0,0"
"0,0"
"0,0"
"0,0"
"0,0"
"0,0"
"0,0"
"0,0"
"0,0"
"0,0"
"0,0"
"0,0"
"0,0"
"0,0"
"0,0"
"0,0"
"1,76009e-05"
"5,19689e-05"
"4,42473e-05"
"4,77903e-05"
"4,90803e-05"
"2,62946e-05"
"1,8119e-06"
"0,0"
"0,0"
"0,0"
"0,0"
"0,0"
"0,0"
"0,0"
"0,0"
"0,0"
"0,0"
"0,0"
"0,0"
"0,0"
"0,0"
"0,0"
"9,94773e-06"
"0,000194171"
"0,000361264"
"0,000489246"
"0,000573393"
"0,000600099"
"0,0005698"
"0,000478449"
"0,000336456"
"0,000161268"
"0,0"
"0,0"
"0,0"
"0,0"
"0,0"
"0,0"
"0,0"
"0,0"
"0,0"
"0,0"
"0,0"
"0,0"
"0,0"
"0,0"
"2,13565e-06"
"0,000184931"
"0,000354943"
"0,000487252"
"0,000565964"
"0,000585888"
"0,000546066"
"0,000451612"
"0,000305834"
"0,000130381"
"0,0"
"0,0"
"0,0"
"0,0"
"0,0"
"0,0"
"0,0"
"0,0"
"0,0"
"0,0"
"0,0"
"0,0"
"0,0"
"0,0"
"0,0"
"0,000174747"
"0,000327554"
"0,000449937"
"0,000514982"
"0,000527873"
"0,00049703"
"0,000416263"
"0,000291516"
"0,00012884"
"0,0"
"0,0"
"0,0"
"0,0"
"0,0"
"0,0"
"0,0"
"0,0"
"0,0"
"0,0"
"0,0"
"0,0"
"0,0"
"0,0"
"0,0"
"0,0"
"0,0"
"3,29477e-05"
"6,37326e-05"
"6,48713e-05"
"6,04284e-05"
"2,28581e-05"
"0,0"
"0,0"
"0,0"
"0,0"
"0,0"
"0,0"
"0,0"
"0,0"
"0,0"
"0,0"
"0,0"
"0,0"
"0,0"
"0,0"
"0,0"
"0,0"
"0,0"
"2,39e-06"
"3,61708e-05"
"5,9464e-05"
"8,18008e-05"
"0,000125047"
"9,81568e-05"
"7,13931e-05"
"2,93358e-05"
"0,0"
"0,0"
"0,0"
"0,0"
"0,0"
"0,0"
"0,0"
"0,0"
"0,0"
"0,0"
"0,0"
"0,0"
"0,0"
"0,0"
"0,0"
"1,4891e-05"
"0,000194687"
"0,000356387"
"0,000478278"
"0,00055007"
"0,00057294"
"0,000545875"
"0,000455133"
"0,000320643"
"0,000149878"
"0,0"
"0,0"
"0,0"
"0,0"
"0,0"
"0,0"
"0,0"
"0,0"
"0,0"
"0,0"
"0,0"
"0,0"
"0,0"
"0,0"
"1,52309e-05"
"0,000215287"
"0,000391809"
"0,000524996"
"0,000598926"
"0,000619117"
"0,000577663"
"0,000478382"
"0,000327622"
"0,000145432"
"0,0"
"0,0"
"0,0"
"0,0"
"0,0"
"0,0"
"0,0"
"0,0"
"0,0"
"0,0"
"0,0"
"0,0"
"0,0"
"0,0"
"0,0"
"0,00017106"
"0,000313149"
"0,000431721"
"0,000502249"
"0,000516094"
"0,000477286"
"0,00039857"
"0,000263337"
"9,63e-05"
"0,0"
"0,0"
"0,0"
"0,0"
"0,0"
"0,0"
"0,0"
"0,0"
"0,0"
"0,0"
"0,0"
"0,0"
"0,0"
"0,0"
"0,0"
"0,0"
"2,64498e-05"
"3,73902e-05"
"7,74037e-05"
"8,24342e-05"
"7,12954e-05"
"4,24807e-05"
"7,87713e-06"
"0,0"
"0,0"
"0,0"
"0,0"
"0,0"
"0,0"
"0,0"
"0,0"
"0,0"
"0,0"
"0,0"
"0,0"
"0,0"
"0,0"
"0,0"
"2,96776e-05"
"0,000201388"
"0,000414278"
"0,000472794"
"0,000213207"
"0,0"
"0,0"
"0,0"
"0,0"
"0,0"
"0,0"
"0,0"
"0,0"
"0,0"
"0,0"
"0,0"
"0,0"
"0,0"
"0,0"
"0,0"
"0,0"
"0,0"
"0,0"
"0,0"
"8,37623e-06"
"0,000217896"
"0,000396732"
"0,000529545"
"0,000608901"
"0,000624809"
"0,000580806"
"0,000474782"
"0,000320192"
"0,000135482"
"0,0"
"0,0"
"0,0"
"0,0"
"0,0"
"0,0"
"0,0"
"0,0"
"0,0"
"0,0"
"0,0"
"0,0"
"0,0"
"0,0"
"3,29303e-05"
"0,000145427"
"0,000224775"
"0,000366534"
"0,000457437"
"9,58247e-05"
"7,87219e-05"
"0,0"
"0,0"
"0,0"
"0,0"
"0,0"
"0,0"
"0,0"
"0,0"
"0,0"
"0,0"
"0,0"
"0,0"
"0,0"
"0,0"
"0,0"
"0,0"
"0,0"
"0,0"
"0,0"
"0,0"
"0,0"
"0,0"
"0,0"
"0,0"
"0,0"
"0,0"
"0,0"
"0,0"
"0,0"
"0,0"
"0,0"
"0,0"
"0,0"
"0,0"
"0,0"
"0,0"
"0,0"
"0,0"
"0,0"
"0,0"
"0,0"
"0,0"
"0,0"
"0,0"
"0,0"
"0,0"
"0,0"
"0,0"
"0,0"
"0,0"
"0,0"
"0,0"
"0,0"
"0,0"
"0,0"
"0,0"
"0,0"
"0,0"
"0,0"
"0,0"
"0,0"
"0,0"
"0,0"
"0,0"
"0,0"
"0,0"
"0,0"
"4,1236e-05"
"0,000133245"
"7,3713e-05"
"9,38126e-05"
"7,96736e-05"
"5,1873e-05"
"0,0"
"0,0"
"0,0"
"0,0"
"0,0"
"0,0"
"0,0"
"0,0"
"0,0"
"0,0"
"0,0"
"0,0"
"0,0"
"0,0"
"0,0"
"0,0"
"0,0"
"0,0"
"4,7934e-06"
"3,56034e-05"
"5,0224e-05"
"7,42192e-05"
"2,89257e-05"
"7,41803e-05"
"0,0"
"0,0"
"0,0"
"0,0"
"0,0"
"0,0"
"0,0"
"0,0"
"0,0"
"0,0"
"0,0"
"0,0"
"0,0"
"0,0"
"0,0"
"0,0"
"0,0"
"0,0"
"0,0"
"6,00269e-06"
"3,58105e-05"
"4,49369e-05"
"7,17048e-05"
"1,25289e-05"
"0,0"
"0,0"
"0,0"
"0,0"
"0,0"
"0,0"
"0,0"
"0,0"
"0,0"
"0,0"
"0,0"
"0,0"
"0,0"
"0,0"
"0,0"
"0,0"
"0,0"
"0,000132526"
"0,000296693"
"0,000385082"
"0,000408925"
"0,000416121"
"0,00029075"
"0,000269425"
"0,00018107"
"6,09736e-05"
"0,0"
"0,0"
"0,0"
"0,0"
"0,0"
"0,0"
"0,0"
"0,0"
"0,0"
"0,0"
"0,0"
"0,0"
"0,0"
"0,0"
"0,0"
"0,0"
"1,03073e-05"
"3,63174e-05"
"0,000114363"
"0,00010536"
"6,47472e-05"
"0,0"
"0,0"
"0,0"
"0,0"
"0,0"
"0,0"
"0,0"
"0,0"
"0,0"
"0,0"
"0,0"
"0,0"
"0,0"
"0,0"
"0,0"
"0,0"
"0,0"
"0,0"
"0,0"
"0,0"
"1,81532e-05"
"1,54998e-05"
"9,61611e-05"
"0,000168875"
"0,000138091"
"3,96297e-05"
"0,0"
"0,0"
"0,0"
"0,0"
"0,0"
"0,0"
"0,0"
"0,0"
"0,0"
"0,0"
"0,0"
"0,0"
"0,0"
"0,0"
"0,0"
"0,0"
"0,000144344"
"0,000320803"
"0,000450817"
"0,000515588"
"0,000433375"
"0,000425887"
"0,000313092"
"0,000190012"
"3,92542e-05"
"0,0"
"0,0"
"0,0"
"0,0"
"0,0"
"0,0"
"0,0"
"0,0"
"0,0"
"0,0"
"0,0"
"0,0"
"0,0"
"0,0"
"0,0"
"0,0"
"0,0"
"0,0"
"1,45767e-05"
"2,09515e-05"
"1,93767e-06"
"0,0"
"0,0"
"0,0"
"0,0"
"0,0"
"0,0"
"0,0"
"0,0"
"0,0"
"0,0"
"0,0"
"0,0"
"0,0"
"0,0"
"0,0"
"0,0"
"0,0"
"0,0"
"5,32512e-05"
"0,000196971"
"0,000346283"
"0,000433816"
"0,00037429"
"0,000398283"
"0,000306447"
"0,000209049"
"2,50317e-05"
"0,0"
"0,0"
"0,0"
"0,0"
"0,0"
"0,0"
"0,0"
"0,0"
"0,0"
"0,0"
"0,0"
"0,0"
"0,0"
"0,0"
"0,0"
"0,0"
"0,0"
"0,0"
"0,0"
"0,0"
"0,000462341"
"0,000374014"
"0,000186139"
"3,48763e-05"
"0,0"
"0,0"
"0,0"
"0,0"
"0,0"
"0,0"
"0,0"
"0,0"
"0,0"
"0,0"
"0,0"
"0,0"
"0,0"
"0,0"
"0,0"
"0,0"
"0,0"
"0,0"
"0,0"
"0,0"
"0,0"
"0,0"
"0,0"
"0,0"
"0,0"
"0,0"
"0,0"
"0,0"
"0,0"
"0,0"
"0,0"
"0,0"
"0,0"
"0,0"
"0,0"
"0,0"
"0,0"
"0,0"
"0,0"
"0,0"
"0,000134434"
"0,000140333"
"0,00025773"
"0,000351444"
"0,000454825"
"0,000402104"
"0,00021301"
"1,57055e-05"
"0,0"
"0,0"
"0,0"
"0,0"
"0,0"
"0,0"
"0,0"
"0,0"
"0,0"
"0,0"
"0,0"
"0,0"
"0,0"
"0,0"
"0,0"
"0,0"
"0,0"
"0,0"
"0,0"
"0,0"
"0,0"
"0,0"
"0,0"
"0,0"
"0,0"
"0,0"
"0,0"
"0,0"
"0,0"
"0,0"
"0,0"
"0,0"
"0,0"
"0,0"
"0,0"
"0,0"
"0,0"
"0,0"
"0,0"
"0,0"
"0,0"
"0,0"
"0,0"
"0,0"
"0,000341279"
"0,000239443"
"0,000110401"
"0,0"
"0,0"
"0,0"
"0,0"
"0,0"
"0,0"
"0,0"
"0,0"
"0,0"
"0,0"
"0,0"
"0,0"
"0,0"
"0,0"
"0,0"
"0,0"
"0,0"
"0,0"
"0,0"
"0,0"
"0,0"
"0,0"
"0,0"
"0,0"
"0,0"
"0,0"
"0,0"
"0,0"
"0,0"
"0,0"
"0,0"
"0,0"
"0,0"
"0,0"
"0,0"
"0,0"
"0,0"
"0,0"
"0,0"
"0,0"
"0,0"
"2,04662e-05"
"5,39474e-05"
"5,81656e-05"
"0,000116831"
"6,40895e-05"
"4,84946e-05"
"3,79874e-06"
"0,0"
"0,0"
"0,0"
"0,0"
"0,0"
"0,0"
"0,0"
"0,0"
"0,0"
"0,0"
"0,0"
"0,0"
"0,0"
"0,0"
"0,0"
"0,0"
"0,0"
"2,13218e-05"
"6,43554e-05"
"9,00985e-05"
"0,000100972"
"9,84247e-05"
"4,76507e-05"
"1,12292e-06"
"0,0"
"0,0"
"0,0"
"0,0"
"0,0"
"0,0"
"0,0"
"0,0"
"0,0"
"0,0"
"0,0"
"0,0"
"0,0"
"0,0"
"0,0"
"0,0"
"0,0"
"0,0"
"0,0"
"0,0"
"0,0"
"0,0"
"0,0"
"0,0"
"0,0"
"0,0"
"0,0"
"0,0"
"0,0"
"0,0"
"0,0"
"0,0"
"0,0"
"0,0"
"0,0"
"0,0"
"0,0"
"0,0"
"0,0"
"0,0"
"0,0"
"0,0"
"0,0"
"0,0"
"0,0"
"0,0"
"0,0"
"0,0"
"0,0"
"0,0"
"0,0"
"0,0"
"0,0"
"0,0"
"0,0"
"0,0"
"0,0"
"0,0"
"0,0"
"0,0"
"0,0"
"0,0"
"0,0"
"0,0"
"0,0"
"3,16521e-05"
"9,43427e-05"
"0,000157107"
"0,000165331"
"0,000166434"
"0,000109742"
"3,99205e-05"
"0,0"
"0,0"
"0,0"
"0,0"
"0,0"
"0,0"
"0,0"
"0,0"
"0,0"
"0,0"
"0,0"
"0,0"
"0,0"
"0,0"
"0,0"
"0,0"
"1,27537e-05"
"0,000125996"
"0,00020457"
"0,000236517"
"0,000233242"
"0,000208625"
"0,000114406"
"4,19164e-05"
"0,0"
"0,0"
"0,0"
"0,0"
"0,0"
"0,0"
"0,0"
"0,0"
"0,0"
"0,0"
"0,0"
"0,0"
"0,0"
"0,0"
"0,0"
"0,0"
"7,53348e-05"
"0,00018622"
"0,000302018"
"0,000403524"
"0,000383053"
"0,000339742"
"0,000255998"
"0,000155926"
"2,24634e-05"
"0,0"
"0,0"
"0,0"
"0,0"
"0,0"
"0,0"
"0,0"
"0,0"
"0,0"
"0,0"
"0,0"
"0,0"
"0,0"
"0,0"
"0,0"
"0,0"
"0,0"
"0,0"
"0,000112261"
"0,000238778"
"0,000489611"
"0,000388171"
"0,000201565"
"2,67056e-05"
"0,0"
"0,0"
"0,0"
"0,0"
"0,0"
"0,0"
"0,0"
"0,0"
"0,0"
"0,0"
"0,0"
"0,0"
"0,0"
"0,0"
"0,0"
"0,0"
"0,0"
"0,0"
"0,0"
"0,0"
"0,0"
"0,0"
"0,0"
"0,0"
"0,0"
"0,0"
"0,0"
"0,0"
"0,0"
"0,0"
"0,0"
"0,0"
"0,0"
"0,0"
"0,0"
"0,0"
"0,0"
"0,0"
"0,0"
"0,0"
"0,0"
"0,0"
"0,0"
"0,0"
"0,0"
"0,0"
"0,0"
"0,0"
"0,0"
"0,0"
"0,0"
"0,0"
"0,0"
"0,0"
"0,0"
"0,0"
"0,0"
"0,0"
"0,0"
"0,0"
"0,0"
"0,0"
"0,0"
"0,0"
"0,0"
"0,0"
"0,0"
"1,94722e-05"
"0,0"
"0,0"
"0,0"
"0,0"
"0,0"
"0,0"
"0,0"
"0,0"
"0,0"
"0,0"
"0,0"
"0,0"
"0,0"
"0,0"
"0,0"
"0,0"
"0,0"
"0,0"
"0,0"
"4,66021e-05"
"0,000162974"
"0,000240723"
"0,000258796"
"0,000230682"
"0,000221984"
"0,000162198"
"3,25439e-05"
"0,0"
"0,0"
"0,0"
"0,0"
"0,0"
"0,0"
"0,0"
"0,0"
"0,0"
"0,0"
"0,0"
"0,0"
"0,0"
"0,0"
"0,0"
"0,0"
"0,000111595"
"2,03158e-05"
"7,9591e-05"
"0,0"
"0,0"
"0,0"
"0,0"
"0,0"
"0,0"
"0,0"
"0,0"
"0,0"
"0,0"
"0,0"
"0,0"
"0,0"
"0,0"
"0,0"
"0,0"
"0,0"
"0,0"
"0,0"
"0,0"
"0,0"
"0,0"
"0,0"
"0,0"
"0,0"
"0,0"
"0,0"
"0,0"
"0,0"
"0,0"
"0,0"
"0,0"
"0,0"
"0,0"
"0,0"
"0,0"
"0,0"
"0,0"
"0,0"
"0,0"
"0,0"
"0,0"
"0,0"
"0,0"
"0,0"
"0,0"
"0,0"
"0,0"
"0,0"
"0,0"
"0,0"
"0,0"
"0,0"
"0,0"
"0,0"
"0,0"
"0,0"
"0,0"
"0,0"
"0,0"
"0,0"
"0,0"
"0,0"
"0,0"
"0,0"
"0,0"
"0,0"
"0,0"
"0,0"
"7,56141e-05"
"0,000168214"
"0,000253209"
"0,000333639"
"0,000442521"
"0,000423841"
"0,000312468"
"0,000146043"
"0,0"
"0,0"
"0,0"
"0,0"
"0,0"
"0,0"
"0,0"
"0,0"
"0,0"
"0,0"
"0,0"
"0,0"
"0,0"
"0,0"
"0,0"
"0,0"
"1,60977e-05"
"0,000181493"
"0,000262768"
"0,000371158"
"0,000453178"
"0,000391804"
"0,000298133"
"0,000131699"
"0,0"
"0,0"
"0,0"
"0,0"
"0,0"
"0,0"
"0,0"
"0,0"
"0,0"
"0,0"
"0,0"
"0,0"
"0,0"
"0,0"
"0,0"
"0,0"
"0,0"
"0,000216877"
"0,0"
"0,0"
"0,000475012"
"0,000328628"
"0,0"
"0,0"
"0,0"
"0,0"
"0,0"
"0,0"
"0,0"
"0,0"
"0,0"
"0,0"
"0,0"
"0,0"
"0,0"
"0,0"
"0,0"
"0,0"
"0,0"
"0,0"
"0,0"
"8,42056e-06"
"0,000169616"
"0,000408989"
"0,000262494"
"0,00029509"
"0,000244249"
"0,000106109"
"0,0"
"0,0"
"0,0"
"0,0"
"0,0"
"0,0"
"0,0"
"0,0"
"0,0"
"0,0"
"0,0"
"0,0"
"0,0"
"0,0"
"0,0"
"0,0"
"8,8442e-07"
"1,2531e-05"
"0,0"
"9,0257e-05"
"0,0"
"0,0"
"0,000101819"
"8,06958e-06"
"0,0"
"0,0"
"0,0"
"0,0"
"0,0"
"0,0"
"0,0"
"0,0"
"0,0"
"0,0"
"0,0"
"0,0"
"0,0"
"0,0"
"0,0"
"0,0"
"0,0"
"7,85782e-05"
"8,53603e-05"
"0,000127325"
"0,000260909"
"0,000283723"
"0,000227723"
"0,000102826"
"0,0"
"0,0"
"0,0"
"0,0"
"0,0"
"0,0"
"0,0"
"0,0"
"0,0"
"0,0"
"0,0"
"0,0"
"0,0"
"0,0"
"0,0"
"0,0"
"3,3967e-05"
"0,000180692"
"0,000313385"
"0,000395163"
"0,000452816"
"0,000412549"
"0,000250707"
"8,96882e-05"
"0,0"
"0,0"
"0,0"
"0,0"
"0,0"
"0,0"
"0,0"
"0,0"
"0,0"
"0,0"
"0,0"
"0,0"
"0,0"
"0,0"
"0,0"
"0,0"
"6,0641e-06"
"0,000247667"
"0,000353806"
"0,000440126"
"0,000437569"
"0,000382576"
"0,000255511"
"6,10824e-05"
"0,0"
"0,0"
"0,0"
"0,0"
"0,0"
"0,0"
"0,0"
"0,0"
"0,0"
"0,0"
"0,0"
"0,0"
"0,0"
"0,0"
"0,0"
"0,0"
"0,0"
"0,0"
"0,0"
"0,0"
"0,0"
"0,0"
"0,0"
"0,0"
"0,0"
"0,0"
"0,0"
"0,0"
"0,0"
"0,0"
"0,0"
"0,0"
"0,0"
"0,0"
"0,0"
"0,0"
"0,0"
"0,0"
"0,0"
"0,0"
"0,0"
"0,0"
"0,0"
"0,0"
"0,0"
"0,0"
"0,0"
"0,0"
"0,0"
"0,0"
"0,0"
"0,0"
"0,0"
"0,0"
"0,0"
"0,0"
"0,0"
"0,0"
"0,0"
"0,0"
"0,0"
"0,0"
"0,0"
"0,0"
"0,0"
"0,0"
"0,0"
"0,0"
"0,0"
"0,0"
"0,0"
"0,0"
"0,0"
"0,0"
"0,0"
"0,0"
"0,0"
"0,0"
"0,0"
"0,0"
"0,0"
"0,0"
"0,0"
"0,0"
"0,0"
"0,0"
"0,0"
"0,0"
"0,0"
"0,0"
"0,0"
"0,0"
"0,0"
"0,000191398"
"0,000138812"
"0,0"
"0,0"
"0,0"
"0,0"
"0,0"
"0,0"
"0,0"
"0,0"
"0,0"
"0,0"
"0,0"
"0,0"
"0,0"
"0,0"
"0,0"
"0,0"
"0,0"
"0,0"
"0,0"
"0,0"
"0,0"
"0,0"
"0,00018884"
"0,00016788"
"3,19599e-05"
"0,0"
"0,0"
"0,0"
"0,0"
"0,0"
"0,0"
"0,0"
"0,0"
"0,0"
"0,0"
"0,0"
"0,0"
"0,0"
"0,0"
"0,0"
"0,0"
"0,0"
"0,0"
"0,0"
"5,02882e-06"
"1,31283e-05"
"5,15013e-06"
"0,0"
"0,0"
"0,0"
"0,0"
"0,0"
"0,0"
"0,0"
"0,0"
"0,0"
"0,0"
"0,0"
"0,0"
"0,0"
"0,0"
"0,0"
"0,0"
"0,0"
"0,0"
"0,0"
"8,54434e-05"
"0,0"
"0,0"
"0,0"
"5,06993e-05"
"0,0"
"0,0"
"0,0"
"0,0"
"0,0"
"0,0"
"0,0"
"0,0"
"0,0"
"0,0"
"0,0"
"0,0"
"0,0"
"0,0"
"0,0"
"0,0"
"0,0"
"0,0"
"0,0"
"0,0"
"0,0"
"0,0"
"0,0"
"0,0"
"0,0"
"0,0"
"0,0"
"0,0"
"0,0"
"0,0"
"0,0"
"0,0"
"0,0"
"0,0"
"0,0"
"0,0"
"0,0"
"0,0"
"0,0"
"0,0"
"0,0"
"0,0"
"4,37996e-05"
"0,000224413"
"0,000349436"
"0,000376899"
"0,000410331"
"0,000369766"
"0,000270513"
"6,59432e-05"
"0,0"
"0,0"
"0,0"
"0,0"
"0,0"
"0,0"
"0,0"
"0,0"
"0,0"
"0,0"
"0,0"
"0,0"
"0,0"
"0,0"
"0,0"
"0,0"
"0,0"
"0,0"
"0,0"
"0,0"
"0,0"
"0,0"
"0,0"
"0,0"
"0,0"
"0,0"
"0,0"
"0,0"
"0,0"
"0,0"
"0,0"
"0,0"
"0,0"
"0,0"
"0,0"
"0,0"
"0,0"
"0,0"
"0,0"
"0,0"
"0,0"
"0,0"
"0,0"
"0,0"
"0,0"
"0,0"
"0,0"
"0,0"
"0,0"
"0,0"
"0,0"
"0,0"
"0,0"
"0,0"
"0,0"
"0,0"
"0,0"
"0,0"
"0,0"
"0,0"
"0,0"
"0,0"
"0,0"
"0,0"
"0,0"
"0,0"
"0,0"
"0,0"
"0,0"
"0,0"
"0,0"
"0,0"
"0,0"
"0,0"
"0,0"
"0,0"
"0,0"
"0,0"
"0,0"
"0,0"
"0,0"
"0,0"
"0,0"
"0,0"
"0,0"
"0,0"
"0,0"
"0,0"
"1,53164e-05"
"0,000147962"
"0,000312837"
"0,000387589"
"0,000405694"
"0,000322114"
"0,000244598"
"8,73545e-05"
"0,0"
"0,0"
"0,0"
"0,0"
"0,0"
"0,0"
"0,0"
"0,0"
"0,0"
"0,0"
"0,0"
"0,0"
"0,0"
"0,0"
"0,0"
"0,0"
"1,18395e-05"
"0,000145946"
"0,000175051"
"0,000226062"
"0,00026762"
"0,000193832"
"0,000160613"
"1,35011e-05"
"0,0"
"0,0"
"0,0"
"0,0"
"0,0"
"0,0"
"0,0"
"0,0"
"0,0"
"0,0"
"0,0"
"0,0"
"0,0"
"0,0"
"0,0"
"0,0"
"2,87674e-05"
"0,000226547"
"9,90713e-05"
"2,82917e-06"
"0,0"
"0,0"
"0,0"
"0,0"
"0,0"
"0,0"
"0,0"
"0,0"
"0,0"
"0,0"
"0,0"
"0,0"
"0,0"
"0,0"
"0,0"
"0,0"
"0,0"
"0,0"
"0,0"
"0,0"
"0,0"
"0,0"
"0,0"
"0,0"
"0,0"
"0,000204516"
"0,000147735"
"0,0"
"0,0"
"0,0"
"0,0"
"0,0"
"0,0"
"0,0"
"0,0"
"0,0"
"0,0"
"0,0"
"0,0"
"0,0"
"0,0"
"0,0"
"0,0"
"0,0"
"0,0"
"0,0"
"0,0"
"0,0"
"0,0"
"0,0"
"0,0"
"0,0"
"0,0"
"0,0"
"0,0"
"0,0"
"0,0"
"0,0"
"0,0"
"0,0"
"0,0"
"0,0"
"0,0"
"0,0"
"0,0"
"0,0"
"0,0"
"0,0"
"0,0"
"0,0"
"0,0"
"0,0"
"0,0"
"0,0"
"0,0"
"0,0"
"0,0"
"0,0"
"0,0"
"0,0"
"0,0"
"0,0"
"0,0"
"0,0"
"0,0"
"0,0"
"0,0"
"0,0"
"0,0"
"0,0"
"0,0"
"0,0"
"0,0"
"0,0"
"0,0"
"0,0"
"0,0"
"0,0"
"0,0"
"0,0"
"0,0"
"0,0"
"0,0"
"0,0"
"0,0"
"0,0"
"0,0"
"0,0"
"0,0"
"0,0"
"0,0"
"0,0"
"0,0"
"0,0"
"0,0"
"0,0"
"0,0"
"0,0"
"4,03533e-06"
"2,38462e-05"
"5,23672e-05"
"2,56099e-06"
"0,0"
"0,0"
"0,0"
"0,0"
"0,0"
"0,0"
"0,0"
"0,0"
"0,0"
"0,0"
"0,0"
"0,0"
"0,0"
"0,0"
"0,0"
"0,0"
"0,0"
"0,0"
"0,0"
"5,40208e-05"
"0,00014144"
"0,000189773"
"0,000166718"
"0,000111856"
"3,9345e-05"
"0,0"
"0,0"
"0,0"
"0,0"
"0,0"
"0,0"
"0,0"
"0,0"
"0,0"
"0,0"
"0,0"
"0,0"
"0,0"
"0,0"
"0,0"
"0,0"
"0,0"
"0,0"
"0,0"
"0,0"
"0,0"
"0,0"
"0,000102358"
"4,58126e-05"
"0,0"
"0,0"
"0,0"
"0,0"
"0,0"
"0,0"
"0,0"
"0,0"
"0,0"
"0,0"
"0,0"
"0,0"
"0,0"
"0,0"
"0,0"
"0,0"
"0,0"
"0,0"
"0,0"
"0,0"
"0,0"
"0,0"
"0,0"
"0,0"
"0,0"
"0,0"
"0,0"
"0,0"
"0,0"
"0,0"
"0,0"
"0,0"
"0,0"
"0,0"
"0,0"
"0,0"
"0,0"
"0,0"
"0,0"
"0,0"
"0,0"
"0,0"
"0,0"
"0,0"
"0,0"
"0,0"
"0,0"
"0,0"
"0,0"
"0,0"
"0,0"
"0,0"
"0,0"
"0,0"
"0,0"
"0,0"
"0,0"
"0,0"
"0,0"
"0,0"
"0,0"
"0,0"
"0,0"
"0,0"
"0,0"
"0,0"
"1,23877e-05"
"3,57065e-05"
"5,20066e-05"
"7,5069e-05"
"0,000138932"
"5,08643e-05"
"0,0"
"0,0"
"0,0"
"0,0"
"0,0"
"0,0"
"0,0"
"0,0"
"0,0"
"0,0"
"0,0"
"0,0"
"0,0"
"0,0"
"0,0"
"0,0"
"0,0"
"0,0"
"0,0"
"0,0"
"0,0"
"0,0"
"0,000129337"
"0,0"
"0,0"
"0,0"
"0,0"
"0,0"
"0,0"
"0,0"
"0,0"
"0,0"
"0,0"
"0,0"
"0,0"
"0,0"
"0,0"
"0,0"
"0,0"
"0,0"
"0,0"
"0,0"
"0,0"
"0,0"
"0,000108016"
"5,9435e-05"
"2,5246e-06"
"0,0"
"0,0"
"0,0"
"0,0"
"0,0"
"0,0"
"0,0"
"0,0"
"0,0"
"0,0"
"0,0"
"0,0"
"0,0"
"0,0"
"0,0"
"0,0"
"0,0"
"0,0"
"0,0"
"0,0"
"0,0"
"9,68973e-05"
"2,61419e-05"
"0,0"
"0,0"
"0,0"
"0,0"
"0,0"
"0,0"
"0,0"
"0,0"
"0,0"
"0,0"
"0,0"
"0,0"
"0,0"
"0,0"
"0,0"
"0,0"
"0,0"
"0,0"
"0,0"
"0,0"
"0,0"
"0,0"
"0,0"
"0,0"
"0,0"
"0,0"
"0,0"
"0,0"
"0,0"
"0,0"
"0,0"
"0,0"
"0,0"
"0,0"
"0,0"
"0,0"
"0,0"
"0,0"
"0,0"
"0,0"
"0,0"
"0,0"
"0,0"
"0,0"
"0,0"
"0,0"
"0,0"
"0,0"
"0,0"
"0,0"
"0,0"
"0,0"
"0,0"
"0,0"
"0,0"
"0,0"
"0,0"
"0,0"
"0,0"
"0,0"
"0,0"
"0,0"
"0,0"
"0,0"
"0,0"
"0,0"
"0,0"
"0,0"
"0,0"
"0,0"
"0,0"
"2,4305e-05"
"0,000100657"
"0,000112722"
"6,36306e-05"
"0,0"
"0,0"
"0,0"
"0,0"
"0,0"
"0,0"
"0,0"
"0,0"
"0,0"
"0,0"
"0,0"
"0,0"
"0,0"
"0,0"
"0,0"
"0,0"
"0,0"
"0,0"
"0,0"
"0,0"
"0,0"
"0,000199947"
"0,000147707"
"0,0"
"0,0"
"0,0"
"0,0"
"0,0"
"0,0"
"0,0"
"0,0"
"0,0"
"0,0"
"0,0"
"0,0"
"0,0"
"0,0"
"0,0"
"0,0"
"0,0"
"0,0"
"0,0"
"0,0"
"0,0"
"0,0"
"0,000184171"
"0,00014446"
"0,0"
"0,0"
"0,0"
"0,0"
"0,0"
"0,0"
"0,0"
"0,0"
"0,0"
"0,0"
"0,0"
"0,0"
"0,0"
"0,0"
"0,0"
"0,0"
"0,0"
"0,0"
"0,0"
"0,0"
"0,0"
"0,0"
"0,0"
"0,0"
"0,0"
"0,0"
"0,0"
"0,0"
"0,0"
"0,0"
"0,0"
"0,0"
"0,0"
"0,0"
"0,0"
"0,0"
"0,0"
"0,0"
"0,0"
"0,0"
"0,0"
"0,0"
"0,0"
"5,92012e-05"
"0,00011031"
"0,000129736"
"0,000324714"
"0,000186531"
"0,0"
"0,0"
"0,0"
"0,0"
"0,0"
"0,0"
"0,0"
"0,0"
"0,0"
"0,0"
"0,0"
"0,0"
"0,0"
"0,0"
"0,0"
"0,0"
"0,0"
"0,0"
"4,49248e-05"
"0,000264386"
"0,000348078"
"0,000370812"
"0,0003251"
"0,000208959"
"2,50035e-05"
"0,0"
"0,0"
"0,0"
"0,0"
"0,0"
"0,0"
"0,0"
"0,0"
"0,0"
"0,0"
"0,0"
"0,0"
"0,0"
"0,0"
"0,0"
"0,0"
"0,0"
"0,0"
"4,60093e-05"
"0,0"
"0,0"
"1,0006e-05"
"4,72824e-05"
"0,0"
"0,0"
"0,0"
"0,0"
"0,0"
"0,0"
"0,0"
"0,0"
"0,0"
"0,0"
"0,0"
"0,0"
"0,0"
"0,0"
"0,0"
"0,0"
"0,0"
"0,0"
"0,0"
"0,0"
"0,0"
"0,0"
"0,0"
"0,0"
"0,0"
"0,0"
"0,0"
"0,0"
"0,0"
"0,0"
"0,0"
"0,0"
"0,0"
"0,0"
"0,0"
"0,0"
"0,0"
"0,0"
"0,0"
"0,0"
"0,0"
"0,0"
"0,0"
"0,0"
"0,0"
"0,0"
"0,0"
"0,0"
"0,0"
"0,0"
"0,0"
"0,0"
"0,0"
"0,0"
"0,0"
"0,0"
"0,0"
"0,0"
"0,0"
"0,0"
"0,0"
"0,0"
"0,0"
"0,0"
"0,0"
"0,0"
"0,0"
"0,0"
"0,0"
"0,000153684"
"0,00031438"
"0,000192569"
"0,0"
"0,0"
"0,0"
"0,0"
"0,0"
"0,0"
"0,0"
"0,0"
"0,0"
"0,0"
"0,0"
"0,0"
"0,0"
"0,0"
"0,0"
"0,0"
"0,0"
"0,0"
"0,0"
"0,0"
"0,0"
"0,0"
"0,0"
"0,0"
"0,0"
"0,0"
"0,0"
"0,0"
"0,0"
"0,0"
"0,0"
"0,0"
"0,0"
"0,0"
"0,0"
"0,0"
"0,0"
"0,0"
"0,0"
"0,0"
"0,0"
"0,0"
"0,0"
"0,0"
"0,0"
"0,0"
"0,0"
"0,0"
"0,0"
"0,0"
"0,0"
"0,0"
"0,0"
"0,0"
"0,0"
"0,0"
"0,0"
"0,0"
"0,0"
"0,0"
"0,0"
"0,0"
"0,0"
"0,0"
"0,0"
"0,0"
"0,0"
"0,0"
"0,0"
"0,0"
"0,0"
"0,0"
"0,0"
"0,0"
"0,0"
"0,0"
"0,0"
"0,0"
"0,0"
"0,0"
"0,0"
"0,0"
"0,0"
"0,0"
"0,0"
"0,0"
"0,0"
"0,0"
"0,0"
"0,0"
"0,0"
"0,0"
"0,0"
"0,0"
"0,0"
"0,0"
"0,0"
"0,0"
"0,0"
"0,0"
"0,0"
"0,0"
"0,0"
"0,0"
"0,0"
"0,0"
"0,0"
"0,0"
"0,0"
"0,0"
"0,0"
"0,0"
"0,0"
"0,0"
"0,0"
"0,0"
"0,0"
"0,0"
"6,64653e-05"
"1,89317e-05"
"0,0"
"0,0"
"0,0"
"0,0"
"0,0"
"0,0"
"0,0"
"0,0"
"0,0"
"0,0"
"0,0"
"0,0"
"0,0"
"0,0"
"0,0"
"0,0"
"0,0"
"0,0"
"0,0"
"0,0"
"0,0"
"0,0"
"0,0"
"0,0"
"0,0"
"0,0"
"0,0"
"0,0"
"0,0"
"0,0"
"0,0"
"0,0"
"0,0"
"0,0"
"0,0"
"0,0"
"0,0"
"0,0"
"0,0"
"0,0"
"0,0"
"0,0"
"0,0"
"0,0"
"1,24646e-05"
"1,4749e-05"
"9,68394e-05"
"1,36979e-05"
"0,0"
"0,0"
"0,0"
"0,0"
"0,0"
"0,0"
"0,0"
"0,0"
"0,0"
"0,0"
"0,0"
"0,0"
"0,0"
"0,0"
"0,0"
"0,0"
"0,0"
"0,0"
"0,0"
"0,0001278"
"0,000332609"
"0,0"
"5,72075e-05"
"0,0"
"0,0"
"0,0"
"0,0"
"0,0"
"0,0"
"0,0"
"0,0"
"0,0"
"0,0"
"0,0"
"0,0"
"0,0"
"0,0"
"0,0"
"0,0"
"0,0"
"0,0"
"0,0"
"0,0"
"0,0"
"0,0"
"0,0"
"0,0"
"0,0"
"0,0"
"0,0"
"0,0"
"0,0"
"0,0"
"0,0"
"0,0"
"0,0"
"0,0"
"0,0"
"0,0"
"0,0"
"0,0"
"0,0"
"0,0"
"0,0"
"0,0"
"0,0"
"0,0"
"0,0"
"0,0"
"0,0"
"0,0"
"0,0"
"0,0"
"0,0"
"0,0"
"0,0"
"0,0"
"0,0"
"0,0"
"0,0"
"0,0"
"0,0"
"0,0"
"0,0"
"0,0"
"0,0"
"0,0"
"0,0"
"0,0"
"0,0"
"0,0"
"0,0"
"0,0"
"0,0"
"0,0"
"0,0"
"0,0"
"0,0"
"0,0"
"0,0"
"0,0"
"0,0"
"0,0"
"0,0"
"0,0"
"0,0"
"0,0"
"0,0"
"0,0"
"0,0"
"0,0"
"0,0"
"0,0"
"0,0"
"1,03715e-05"
"0,0"
"0,0"
"0,000175605"
"0,000300749"
"0,000190503"
"1,51033e-05"
"0,0"
"0,0"
"0,0"
"0,0"
"0,0"
"0,0"
"0,0"
"0,0"
"0,0"
"0,0"
"0,0"
"0,0"
"0,0"
"0,0"
"0,0"
"0,0"
"0,0"
"0,0"
"0,0"
"0,0"
"0,0"
"0,0"
"0,0"
"0,0"
"0,0"
"0,0"
"0,0"
"0,0"
"0,0"
"0,0"
"0,0"
"0,0"
"0,0"
"0,0"
"0,0"
"0,0"
"0,0"
"0,0"
"0,0"
"0,0"
"0,0"
"0,0"
"0,0"
"0,0"
"0,0"
"0,0"
"0,0"
"0,0"
"0,0"
"0,0"
"0,0"
"0,0"
"0,0"
"0,0"
"0,0"
"0,0"
"0,0"
"0,0"
"0,0"
"0,0"
"0,0"
"0,0"
"0,0"
"0,0"
"0,0"
"0,0"
"0,000110626"
"0,000200967"
"0,000237975"
"0,000168717"
"8,75806e-05"
"0,0"
"0,0"
"0,0"
"0,0"
"0,0"
"0,0"
"0,0"
"0,0"
"0,0"
"0,0"
"0,0"
"0,0"
"0,0"
"0,0"
"0,0"
"0,0"
"0,0"
"0,0"
"0,0"
"0,0"
"0,0"
"0,0"
"0,0"
"0,0"
"0,0"
"0,0"
"0,0"
"0,0"
"0,0"
"0,0"
"0,0"
"0,0"
"0,0"
"0,0"
"0,0"
"0,0"
"0,0"
"0,0"
"0,0"
"0,0"
"0,0"
"0,0"
"0,0"
"0,0"
"0,0"
"0,0"
"0,0"
"0,0"
"0,0"
"0,0"
"0,0"
"0,0"
"0,0"
"0,0"
"0,0"
"0,0"
"0,0"
"0,0"
"0,0"
"0,0"
"0,0"
"0,0"
"0,0"
"0,0"
"0,0"
"0,0"
"0,0"
"0,0"
"0,0"
"0,0"
"0,0"
"0,0"
"0,0"
"0,0"
"0,0"
"0,0"
"0,0"
"0,0"
"0,0"
"0,0"
"0,0"
"0,0"
"0,0"
"0,0"
"0,0"
"0,0"
"0,0"
"0,0"
"0,0"
"0,0"
"0,0"
"0,00011088"
"0,000133131"
"0,00013313"
"0,000149084"
"5,18751e-05"
"0,0"
"0,0"
"0,0"
"0,0"
"0,0"
"0,0"
"0,0"
"0,0"
"0,0"
"0,0"
"0,0"
"0,0"
"0,0"
"0,0"
"0,0"
"0,0"
"0,0"
"0,0"
"0,0"
"0,0"
"0,0"
"0,0"
"0,0"
"0,0"
"0,0"
"0,0"
"0,0"
"0,0"
"0,0"
"0,0"
"0,0"
"0,0"
"0,0"
"0,0"
"0,0"
"0,0"
"0,0"
"0,0"
"0,0"
"0,0"
"0,0"
"0,0"
"0,0"
"0,0"
"0,0"
"0,0"
"0,0"
"0,0"
"0,0"
"0,0"
"0,0"
"0,0"
"0,0"
"0,0"
"0,0"
"0,0"
"0,0"
