,demand,capex,pv_flh,wind_flh,co2,import_electricity_price,import_price,RES
0,1.2,1.0666666666666667,0.9333333333333333,1.0666666666666667,1.1333333333333333,0.9,1.2,26816.430770294144
1,1.0,1.0666666666666667,0.9333333333333333,1.0666666666666667,1.1333333333333333,0.9,1.2,21426.50342767657
2,1.0,1.0666666666666667,0.9333333333333333,0.8,1.1333333333333333,0.9,1.2,24644.14639212349
3,1.0,1.0666666666666667,1.2,0.8,1.1333333333333333,0.9,1.2,22805.615227364793
4,1.0,1.0666666666666667,1.2,0.8,1.1333333333333333,0.9,0.9333333333333333,22476.47112191738
5,1.0,1.0666666666666667,1.2,0.8,1.1333333333333333,1.3,0.9333333333333333,22470.331809492956
6,1.0,0.8,1.2,0.8,1.1333333333333333,1.3,0.9333333333333333,23625.636365403578
7,1.0,0.8,1.2,0.8,0.8,1.3,0.9333333333333333,23625.636365403578
8,1.2,0.8,0.9333333333333333,1.2,1.3,0.7,0.8,24829.547898257002
9,1.2,0.8,1.2,1.2,1.3,0.7,0.8,22592.799301888223
10,1.2,0.8,1.2,0.9333333333333333,1.3,0.7,0.8,26954.700579285465
11,1.2,0.8,1.2,0.9333333333333333,1.3,1.1,0.8,26666.28866060031
12,1.2,0.8,1.2,0.9333333333333333,0.9666666666666668,1.1,0.8,26666.28866060031
13,1.2,1.0666666666666667,1.2,0.9333333333333333,0.9666666666666668,1.1,0.8,24904.911567129944
14,1.0,1.0666666666666667,1.2,0.9333333333333333,0.9666666666666668,1.1,0.8,19844.446094545456
15,1.0,1.0666666666666667,1.2,0.9333333333333333,0.9666666666666668,1.1,1.0666666666666667,21181.419184284867
16,1.2,1.2,0.9333333333333333,1.2,1.1333333333333333,1.1,0.8,20521.68838405259
17,1.2,1.2,0.9333333333333333,0.9333333333333333,1.1333333333333333,1.1,0.8,26487.129003117792
18,1.2,1.2,0.9333333333333333,0.9333333333333333,1.1333333333333333,0.7,0.8,24636.362368762988
19,1.2,1.2,0.9333333333333333,0.9333333333333333,0.8,0.7,0.8,24636.362368762988
20,1.2,1.2,0.9333333333333333,0.9333333333333333,0.8,0.7,1.0666666666666667,28104.0
21,1.2,0.9333333333333333,0.9333333333333333,0.9333333333333333,0.8,0.7,1.0666666666666667,28104.0
22,1.2,0.9333333333333333,1.2,0.9333333333333333,0.8,0.7,1.0666666666666667,26242.77236042269
23,1.0,0.9333333333333333,1.2,0.9333333333333333,0.8,0.7,1.0666666666666667,22328.83014886982
24,1.2,0.9333333333333333,1.2,1.0666666666666667,1.1333333333333333,1.1,1.2,26204.11830920863
25,1.2,0.9333333333333333,1.2,1.0666666666666667,1.1333333333333333,1.1,0.9333333333333333,24608.0594743854
26,1.2,0.9333333333333333,1.2,1.0666666666666667,1.1333333333333333,0.7,0.9333333333333333,24098.65245585728
27,1.2,0.9333333333333333,1.2,0.8,1.1333333333333333,0.7,0.9333333333333333,28104.0
28,1.2,0.9333333333333333,1.2,0.8,0.8,0.7,0.9333333333333333,28104.0
29,1.0,0.9333333333333333,1.2,0.8,0.8,0.7,0.9333333333333333,22479.312472979822
30,1.0,0.9333333333333333,0.9333333333333333,0.8,0.8,0.7,0.9333333333333333,25017.61636445313
31,1.0,1.2,0.9333333333333333,0.8,0.8,0.7,0.9333333333333333,22820.74559278308
32,1.0,0.8,1.2,0.9333333333333333,0.8,0.7,1.0666666666666667,22785.66268024409
33,1.0,1.0666666666666667,1.2,0.9333333333333333,0.8,0.7,1.0666666666666667,21390.20708011672
34,1.0,1.0666666666666667,1.2,0.9333333333333333,0.8,1.1,1.0666666666666667,21181.419184284867
35,1.2,1.0666666666666667,1.2,0.9333333333333333,0.8,1.1,1.0666666666666667,26461.94401912487
36,1.2,1.0666666666666667,1.2,0.9333333333333333,1.1333333333333333,1.1,1.0666666666666667,26461.94401912487
37,1.2,1.0666666666666667,1.2,0.9333333333333333,1.1333333333333333,1.1,0.8,24904.911567129944
38,1.2,1.0666666666666667,1.2,1.2,1.1333333333333333,1.1,0.8,20904.674163180658
39,1.2,1.0666666666666667,0.9333333333333333,1.2,1.1333333333333333,1.1,0.8,21987.47164920916
40,1.2,1.2,1.0666666666666667,1.2,0.9666666666666668,0.7,0.9333333333333333,21706.70903431481
41,1.2,1.2,1.0666666666666667,1.2,0.9666666666666668,0.7,1.2,22126.860338648003
42,1.0,1.2,1.0666666666666667,1.2,0.9666666666666668,0.7,1.2,18231.561352489083
43,1.0,1.2,1.0666666666666667,1.2,1.3,0.7,1.2,18231.561352489083
44,1.0,1.2,1.0666666666666667,0.9333333333333333,1.3,0.7,1.2,20511.209824062345
45,1.0,1.2,0.8,0.9333333333333333,1.3,0.7,1.2,20421.954931068845
46,1.0,0.9333333333333333,0.8,0.9333333333333333,1.3,0.7,1.2,23068.256280443926
47,1.0,0.9333333333333333,0.8,0.9333333333333333,1.3,1.1,1.2,23672.354248079148
48,0.9,1.2,0.9333333333333333,0.8,0.8,0.7,0.9333333333333333,20070.953509114766
49,0.9,0.9333333333333333,0.9333333333333333,0.8,0.8,0.7,0.9333333333333333,21020.194170538045
50,0.9,0.9333333333333333,0.9333333333333333,0.8,0.8,0.7,1.2,22962.5013545265
51,1.1,0.9333333333333333,0.9333333333333333,0.8,0.8,0.7,1.2,28104.0
52,1.1,0.9333333333333333,0.9333333333333333,0.8,1.1333333333333333,0.7,1.2,28104.0
53,1.1,0.9333333333333333,0.9333333333333333,0.8,1.1333333333333333,1.1,1.2,28739.246171461866
54,1.1,0.9333333333333333,0.9333333333333333,1.0666666666666667,1.1333333333333333,1.1,1.2,24454.85552072426
55,1.1,0.9333333333333333,1.2,1.0666666666666667,1.1333333333333333,1.1,1.2,23997.667464428272
56,0.9,1.0666666666666667,1.2,1.2,1.1333333333333333,0.7,1.0666666666666667,15988.324576770356
57,0.9,0.8,1.2,1.2,1.1333333333333333,0.7,1.0666666666666667,16596.652400851217
58,1.1,0.8,1.2,1.2,1.1333333333333333,0.7,1.0666666666666667,21658.09774141074
59,1.1,0.8,1.2,1.2,1.1333333333333333,0.7,0.8,21052.845648717077
60,1.1,0.8,1.2,1.2,0.8,0.7,0.8,21052.845648717077
61,1.1,0.8,1.2,1.2,0.8,1.1,0.8,20948.753422611095
62,1.1,0.8,0.9333333333333333,1.2,0.8,1.1,0.8,21007.75965667508
63,1.1,0.8,0.9333333333333333,0.9333333333333333,0.8,1.1,0.8,26031.061639386207
64,1.0,0.8,1.0666666666666667,1.2,1.3,0.7,0.8,19096.70202584027
65,1.0,0.8,0.8,1.2,1.3,0.7,0.8,18852.82910501906
66,1.0,0.8,0.8,0.9333333333333333,1.3,0.7,0.8,23716.984896748658
67,1.0,1.0666666666666667,0.8,0.9333333333333333,1.3,0.7,0.8,21778.914125600204
68,1.0,1.0666666666666667,0.8,0.9333333333333333,1.3,0.7,1.0666666666666667,22018.56002805173
69,1.2,1.0666666666666667,0.8,0.9333333333333333,1.3,0.7,1.0666666666666667,28104.0
70,1.2,1.0666666666666667,0.8,0.9333333333333333,1.3,1.1,1.0666666666666667,28104.0
71,1.2,1.0666666666666667,0.8,0.9333333333333333,0.9666666666666668,1.1,1.0666666666666667,28104.0
72,1.0,0.9333333333333333,1.2,0.8,0.8,1.1,1.0666666666666667,22870.765542320227
73,1.0,0.9333333333333333,0.9333333333333333,0.8,0.8,1.1,1.0666666666666667,25556.820165039695
74,1.0,1.2,0.9333333333333333,0.8,0.8,1.1,1.0666666666666667,24303.398735685034
75,1.0,1.2,0.9333333333333333,0.8,0.8,1.1,0.8,22604.520335559962
76,1.0,1.2,0.9333333333333333,0.8,0.8,0.7,0.8,22071.097167055414
77,1.0,1.2,0.9333333333333333,1.0666666666666667,0.8,0.7,0.8,18038.677258039264
78,1.2,1.2,0.9333333333333333,1.0666666666666667,0.8,0.7,0.8,23735.782770495513
79,1.2,1.2,0.9333333333333333,1.0666666666666667,1.1333333333333333,0.7,0.8,23735.782770495513
80,1.2,1.2,1.2,0.8,0.9666666666666668,1.3,0.9333333333333333,27030.716235912063
81,1.2,1.2,1.2,0.8,1.3,1.3,0.9333333333333333,27030.716235912063
82,1.2,1.2,1.2,0.8,1.3,1.3,1.2,28104.0
83,1.2,1.2,1.2,1.0666666666666667,1.3,1.3,1.2,24364.72085139344
84,1.0,1.2,1.2,1.0666666666666667,1.3,1.3,1.2,20541.307847630276
85,1.0,1.2,1.2,1.0666666666666667,1.3,0.9,1.2,20068.23489331294
86,1.0,1.2,0.9333333333333333,1.0666666666666667,1.3,0.9,1.2,19431.040000534256
87,1.0,0.9333333333333333,0.9333333333333333,1.0666666666666667,1.3,0.9,1.2,22656.318101603014
88,0.9,0.8,1.0666666666666667,1.0666666666666667,1.3,0.7,1.0666666666666667,18349.216343526532
89,0.9,0.8,1.0666666666666667,1.0666666666666667,1.3,0.7,0.8,17947.374873830147
90,0.9,0.8,1.0666666666666667,1.0666666666666667,1.3,1.1,0.8,18173.84535661912
91,0.9,1.0666666666666667,1.0666666666666667,1.0666666666666667,1.3,1.1,0.8,15756.992350439255
92,1.1,1.0666666666666667,1.0666666666666667,1.0666666666666667,1.3,1.1,0.8,20760.51114421613
93,1.1,1.0666666666666667,1.0666666666666667,1.0666666666666667,0.9666666666666668,1.1,0.8,20760.51114421613
94,1.1,1.0666666666666667,0.8,1.0666666666666667,0.9666666666666668,1.1,0.8,21486.95352259653
95,1.1,1.0666666666666667,0.8,0.8,0.9666666666666668,1.1,0.8,28104.0
96,1.2,1.2,1.0666666666666667,0.9333333333333333,0.9666666666666668,0.9,0.9333333333333333,26859.3957073741
97,1.2,1.2,1.0666666666666667,1.2,0.9666666666666668,0.9,0.9333333333333333,22046.09178981581
98,1.2,1.2,1.0666666666666667,1.2,1.3,0.9,0.9333333333333333,22046.09178981581
99,1.2,1.2,0.8,1.2,1.3,0.9,0.9333333333333333,23388.397731066885
100,1.2,1.2,0.8,1.2,1.3,0.9,1.2,24797.10055769776
101,1.2,0.9333333333333333,0.8,1.2,1.3,0.9,1.2,26034.963076011183
102,1.0,0.9333333333333333,0.8,1.2,1.3,0.9,1.2,20743.73155242257
103,1.0,0.9333333333333333,0.8,1.2,1.3,1.3,1.2,21121.303705053742
104,0.9,0.9333333333333333,1.2,0.9333333333333333,0.8,1.3,1.2,20041.17454176573
105,0.9,0.9333333333333333,1.2,0.9333333333333333,0.8,1.3,0.9333333333333333,18711.44932921417
106,0.9,0.9333333333333333,1.2,1.2,0.8,1.3,0.9333333333333333,16549.376165013302
107,0.9,0.9333333333333333,1.2,1.2,1.1333333333333333,1.3,0.9333333333333333,16549.376165013302
108,0.9,1.2,1.2,1.2,1.1333333333333333,1.3,0.9333333333333333,15335.338829272721
109,0.9,1.2,0.9333333333333333,1.2,1.1333333333333333,1.3,0.9333333333333333,15274.264101841063
110,1.1,1.2,0.9333333333333333,1.2,1.1333333333333333,1.3,0.9333333333333333,18763.13660774396
111,1.1,1.2,0.9333333333333333,1.2,1.1333333333333333,0.9,0.9333333333333333,19147.154020565453
112,1.0,0.8,1.0666666666666667,0.8,1.3,1.3,0.8,23282.34581119485
113,1.2,0.8,1.0666666666666667,0.8,1.3,1.3,0.8,28425.666371623032
114,1.2,0.8,1.0666666666666667,0.8,1.3,0.9,0.8,29544.921247054266
115,1.2,0.8,1.0666666666666667,0.8,0.9666666666666668,0.9,0.8,29544.921247054266
116,1.2,1.0666666666666667,1.0666666666666667,0.8,0.9666666666666668,0.9,0.8,28104.0
117,1.2,1.0666666666666667,1.0666666666666667,1.0666666666666667,0.9666666666666668,0.9,0.8,24494.42506187313
118,1.2,1.0666666666666667,0.8,1.0666666666666667,0.9666666666666668,0.9,0.8,26939.93682787389
119,1.2,1.0666666666666667,0.8,1.0666666666666667,0.9666666666666668,0.9,1.0666666666666667,28104.0
120,1.0,0.8,0.9333333333333333,0.8,0.9666666666666668,1.3,1.2,26489.4700405761
121,1.2,0.8,0.9333333333333333,0.8,0.9666666666666668,1.3,1.2,33774.0
122,1.2,1.0666666666666667,0.9333333333333333,0.8,0.9666666666666668,1.3,1.2,31512.287336806934
123,1.2,1.0666666666666667,0.9333333333333333,0.8,1.3,1.3,1.2,31512.287336806934
124,1.2,1.0666666666666667,1.2,0.8,1.3,1.3,1.2,28104.0
125,1.2,1.0666666666666667,1.2,0.8,1.3,1.3,0.9333333333333333,28104.0
126,1.2,1.0666666666666667,1.2,1.0666666666666667,1.3,1.3,0.9333333333333333,23651.52094417734
127,1.2,1.0666666666666667,1.2,1.0666666666666667,1.3,0.9,0.9333333333333333,24008.062847156914
128,0.9,1.0666666666666667,0.9333333333333333,0.8,1.1333333333333333,1.1,1.2,20948.924447115372
129,0.9,1.0666666666666667,0.9333333333333333,0.8,0.8,1.1,1.2,20948.924447115372
130,0.9,1.0666666666666667,0.9333333333333333,0.8,0.8,1.1,0.9333333333333333,20888.339258097407
131,0.9,1.0666666666666667,0.9333333333333333,0.8,0.8,0.7,0.9333333333333333,20589.673314074535
132,0.9,1.0666666666666667,1.2,0.8,0.8,0.7,0.9333333333333333,19487.470174776725
133,0.9,0.8,1.2,0.8,0.8,0.7,0.9333333333333333,20649.74231660066
134,1.1,0.8,1.2,0.8,0.8,0.7,0.9333333333333333,26133.644242707735
135,1.1,0.8,1.2,1.0666666666666667,0.8,0.7,0.9333333333333333,23054.34894596977
136,0.9,1.0666666666666667,1.2,1.0666666666666667,1.3,1.3,1.2,18131.8080443872
137,0.9,0.8,1.2,1.0666666666666667,1.3,1.3,1.2,18428.420734105086
138,1.1,0.8,1.2,1.0666666666666667,1.3,1.3,1.2,24966.08110659814
139,1.1,0.8,0.9333333333333333,1.0666666666666667,1.3,1.3,1.2,26950.955477697626
140,1.1,0.8,0.9333333333333333,0.8,1.3,1.3,1.2,29194.81386482043
141,1.1,0.8,0.9333333333333333,0.8,1.3,1.3,0.9333333333333333,28104.0
142,1.1,0.8,0.9333333333333333,0.8,1.3,0.9,0.9333333333333333,28505.388180733597
143,1.1,0.8,0.9333333333333333,0.8,0.9666666666666668,0.9,0.9333333333333333,28505.388180733597
144,1.0,0.8,0.9333333333333333,0.9333333333333333,1.1333333333333333,0.7,0.9333333333333333,22348.28694707118
145,1.2,0.8,0.9333333333333333,0.9333333333333333,1.1333333333333333,0.7,0.9333333333333333,29017.91118533333
146,1.2,1.0666666666666667,0.9333333333333333,0.9333333333333333,1.1333333333333333,0.7,0.9333333333333333,28104.0
147,1.2,1.0666666666666667,0.9333333333333333,0.9333333333333333,1.1333333333333333,0.7,1.2,28104.0
148,1.2,1.0666666666666667,0.9333333333333333,0.9333333333333333,1.1333333333333333,1.1,1.2,28775.31916843841
149,1.2,1.0666666666666667,1.2,0.9333333333333333,1.1333333333333333,1.1,1.2,26543.14967101575
150,1.2,1.0666666666666667,1.2,0.9333333333333333,0.8,1.1,1.2,26543.14967101575
151,1.2,1.0666666666666667,1.2,1.2,0.8,1.1,1.2,23947.100990787865
152,1.0,0.8,0.8,0.9333333333333333,0.8,0.9,1.2,25662.62805263548
153,1.0,0.8,0.8,0.9333333333333333,0.8,0.9,0.9333333333333333,23998.79019780597
154,1.0,0.8,0.8,0.9333333333333333,1.1333333333333333,0.9,0.9333333333333333,23998.79019780597
155,1.0,0.8,1.0666666666666667,0.9333333333333333,1.1333333333333333,0.9,0.9333333333333333,22385.828126748216
156,1.0,0.8,1.0666666666666667,0.9333333333333333,1.1333333333333333,1.3,0.9333333333333333,22901.02690407747
157,1.0,1.0666666666666667,1.0666666666666667,0.9333333333333333,1.1333333333333333,1.3,0.9333333333333333,20514.28462075706
158,1.0,1.0666666666666667,1.0666666666666667,1.2,1.1333333333333333,1.3,0.9333333333333333,17835.389125102913
159,1.2,1.0666666666666667,1.0666666666666667,1.2,1.1333333333333333,1.3,0.9333333333333333,22221.534149084
160,1.0,0.8,0.8,1.2,0.8,0.9,1.2,21155.07171081857
161,1.2,0.8,0.8,1.2,0.8,0.9,1.2,28104.0
162,1.2,0.8,1.0666666666666667,1.2,0.8,0.9,1.2,26429.352072864323
163,1.2,0.8,1.0666666666666667,1.2,1.1333333333333333,0.9,1.2,26429.352072864323
164,1.2,1.0666666666666667,1.0666666666666667,1.2,1.1333333333333333,0.9,1.2,23709.512961197805
165,1.2,1.0666666666666667,1.0666666666666667,1.2,1.1333333333333333,1.3,1.2,23664.167580460344
166,1.2,1.0666666666666667,1.0666666666666667,1.2,1.1333333333333333,1.3,0.9333333333333333,22221.534149084
167,1.2,1.0666666666666667,1.0666666666666667,0.9333333333333333,1.1333333333333333,1.3,0.9333333333333333,27287.821524089275
168,1.0,0.9333333333333333,1.2,1.2,0.9666666666666668,0.7,0.8,18045.218429197135
169,1.0,0.9333333333333333,1.2,0.9333333333333333,0.9666666666666668,0.7,0.8,20313.22982847344
170,1.0,0.9333333333333333,0.9333333333333333,0.9333333333333333,0.9666666666666668,0.7,0.8,21844.551137596904
171,1.0,0.9333333333333333,0.9333333333333333,0.9333333333333333,1.3,0.7,0.8,21844.551137596904
172,1.2,0.9333333333333333,0.9333333333333333,0.9333333333333333,1.3,0.7,0.8,28104.0
173,1.2,0.9333333333333333,0.9333333333333333,0.9333333333333333,1.3,0.7,1.0666666666666667,28104.0
174,1.2,0.9333333333333333,0.9333333333333333,0.9333333333333333,1.3,1.1,1.0666666666666667,28798.068656309857
175,1.2,1.2,0.9333333333333333,0.9333333333333333,1.3,1.1,1.0666666666666667,28104.0
176,0.9,0.8,1.0666666666666667,0.8,1.1333333333333333,1.1,1.2,23698.254525913362
177,0.9,0.8,1.0666666666666667,1.0666666666666667,1.1333333333333333,1.1,1.2,18712.104766268545
178,0.9,0.8,0.8,1.0666666666666667,1.1333333333333333,1.1,1.2,19973.298407233026
179,0.9,0.8,0.8,1.0666666666666667,0.8,1.1,1.2,19973.298407233026
180,1.1,0.8,0.8,1.0666666666666667,0.8,1.1,1.2,26624.72241468556
181,1.1,0.8,0.8,1.0666666666666667,0.8,1.1,0.9333333333333333,25938.825627056933
182,1.1,0.8,0.8,1.0666666666666667,0.8,0.7,0.9333333333333333,25068.15179104823
183,1.1,1.0666666666666667,0.8,1.0666666666666667,0.8,0.7,0.9333333333333333,23255.48400768948
184,1.1,1.2,0.9333333333333333,0.9333333333333333,1.1333333333333333,1.1,0.8,22594.430513157626
185,1.1,1.2,1.2,0.9333333333333333,1.1333333333333333,1.1,0.8,21438.028807586405
186,1.1,0.9333333333333333,1.2,0.9333333333333333,1.1333333333333333,1.1,0.8,22844.746417697777
187,1.1,0.9333333333333333,1.2,0.9333333333333333,1.1333333333333333,0.7,0.8,23260.429772338044
188,1.1,0.9333333333333333,1.2,1.2,1.1333333333333333,0.7,0.8,19952.909641421174
189,1.1,0.9333333333333333,1.2,1.2,1.1333333333333333,0.7,1.0666666666666667,21229.21129209043
190,1.1,0.9333333333333333,1.2,1.2,0.8,0.7,1.0666666666666667,21229.21129209043
191,0.9,0.9333333333333333,1.2,1.2,0.8,0.7,1.0666666666666667,16176.628736871317
192,1.0,0.9333333333333333,0.8,1.0666666666666667,0.9666666666666668,1.1,1.2,22232.052014648514
193,1.0,0.9333333333333333,1.0666666666666667,1.0666666666666667,0.9666666666666668,1.1,1.2,21748.11465510135
194,1.0,0.9333333333333333,1.0666666666666667,1.0666666666666667,0.9666666666666668,1.1,0.9333333333333333,20556.191741261493
195,1.0,0.9333333333333333,1.0666666666666667,0.8,0.9666666666666668,1.1,0.9333333333333333,23893.22495360228
196,1.0,0.9333333333333333,1.0666666666666667,0.8,1.3,1.1,0.9333333333333333,23893.22495360228
197,1.0,0.9333333333333333,1.0666666666666667,0.8,1.3,0.7,0.9333333333333333,23589.543266131666
198,1.0,1.2,1.0666666666666667,0.8,1.3,0.7,0.9333333333333333,22591.18324045942
199,1.2,1.2,1.0666666666666667,0.8,1.3,0.7,0.9333333333333333,28104.0
200,1.1,1.0666666666666667,1.0666666666666667,1.2,1.3,0.7,0.8,18610.090138439115
201,0.9,1.0666666666666667,1.0666666666666667,1.2,1.3,0.7,0.8,14356.133401704119
202,0.9,1.0666666666666667,0.8,1.2,1.3,0.7,0.8,14690.43830234524
203,0.9,1.0666666666666667,0.8,1.2,1.3,0.7,1.0666666666666667,16403.18006821102
204,0.9,0.8,0.8,1.2,1.3,0.7,1.0666666666666667,17197.084943222115
205,0.9,0.8,0.8,1.2,0.9666666666666668,0.7,1.0666666666666667,17197.084943222115
206,0.9,0.8,0.8,0.9333333333333333,0.9666666666666668,0.7,1.0666666666666667,22225.882826171714
207,0.9,0.8,0.8,0.9333333333333333,0.9666666666666668,1.1,1.0666666666666667,22159.665742705005
208,1.0,1.2,0.9333333333333333,0.9333333333333333,0.8,1.3,0.9333333333333333,20382.064871246355
209,1.0,1.2,0.9333333333333333,0.9333333333333333,0.8,0.9,0.9333333333333333,20953.52456931593
210,1.0,1.2,0.9333333333333333,0.9333333333333333,1.1333333333333333,0.9,0.9333333333333333,20953.52456931593
211,1.0,0.9333333333333333,0.9333333333333333,0.9333333333333333,1.1333333333333333,0.9,0.9333333333333333,22041.321188718575
212,1.0,0.9333333333333333,1.2,0.9333333333333333,1.1333333333333333,0.9,0.9333333333333333,20822.4867987997
213,1.2,0.9333333333333333,1.2,0.9333333333333333,1.1333333333333333,0.9,0.9333333333333333,26644.05789486617
214,1.2,0.9333333333333333,1.2,1.2,1.1333333333333333,0.9,0.9333333333333333,22501.662299849624
215,1.2,0.9333333333333333,1.2,1.2,1.1333333333333333,0.9,1.2,24752.208749488665
216,0.9,1.2,1.2,0.8,1.3,1.3,0.8,18929.209682671757
217,0.9,1.2,1.2,0.8,1.3,0.9,0.8,18910.2267219748
218,0.9,1.2,1.2,1.0666666666666667,1.3,0.9,0.8,15566.633452746903
219,0.9,1.2,1.2,1.0666666666666667,0.9666666666666668,0.9,0.8,15566.633452746903
220,0.9,0.9333333333333333,1.2,1.0666666666666667,0.9666666666666668,0.9,0.8,17036.506805508412
221,1.1,0.9333333333333333,1.2,1.0666666666666667,0.9666666666666668,0.9,0.8,21276.251537675314
222,1.1,0.9333333333333333,0.9333333333333333,1.0666666666666667,0.9666666666666668,0.9,0.8,22765.754378558184
223,1.1,0.9333333333333333,0.9333333333333333,1.0666666666666667,0.9666666666666668,0.9,1.0666666666666667,23343.22211853191
224,1.0,1.2,1.2,1.2,0.8,1.3,1.2,18413.91187738458
225,1.0,1.2,1.2,1.2,0.8,0.9,1.2,18156.55412154895
226,1.0,1.2,1.2,1.2,1.1333333333333333,0.9,1.2,18156.55412154895
227,1.0,1.2,1.2,1.2,1.1333333333333333,0.9,0.9333333333333333,17146.82232330458
228,1.0,0.9333333333333333,1.2,1.2,1.1333333333333333,0.9,0.9333333333333333,18541.028413593114
229,1.0,0.9333333333333333,0.9333333333333333,1.2,1.1333333333333333,0.9,0.9333333333333333,19167.4214875674
230,1.2,0.9333333333333333,0.9333333333333333,1.2,1.1333333333333333,0.9,0.9333333333333333,24601.00787080434
231,1.2,0.9333333333333333,0.9333333333333333,0.9333333333333333,1.1333333333333333,0.9,0.9333333333333333,28104.0
232,1.2,0.8,0.8,0.8,0.9666666666666668,1.1,0.8,33428.10520698852
233,1.2,1.0666666666666667,0.8,0.8,0.9666666666666668,1.1,0.8,28104.0
234,1.2,1.0666666666666667,0.8,0.8,0.9666666666666668,1.1,1.0666666666666667,28104.0
235,1.2,1.0666666666666667,1.0666666666666667,0.8,0.9666666666666668,1.1,1.0666666666666667,29035.56177333125
236,1.2,1.0666666666666667,1.0666666666666667,1.0666666666666667,0.9666666666666668,1.1,1.0666666666666667,25707.82648935689
237,1.0,1.0666666666666667,1.0666666666666667,1.0666666666666667,0.9666666666666668,1.1,1.0666666666666667,20454.7207121565
238,1.0,1.0666666666666667,1.0666666666666667,1.0666666666666667,0.9666666666666668,0.7,1.0666666666666667,20558.431458817162
239,1.0,1.0666666666666667,1.0666666666666667,1.0666666666666667,1.3,0.7,1.0666666666666667,20558.431458817162
240,1.1,0.8,1.2,1.2,1.3,1.1,0.8,20948.753422611095
241,1.1,0.8,1.2,1.2,1.3,1.1,1.0666666666666667,22300.3059657107
242,1.1,1.0666666666666667,1.2,1.2,1.3,1.1,1.0666666666666667,21366.146695773292
243,1.1,1.0666666666666667,1.2,1.2,0.9666666666666668,1.1,1.0666666666666667,21366.146695773292
244,1.1,1.0666666666666667,1.2,0.9333333333333333,0.9666666666666668,1.1,1.0666666666666667,23474.742152058257
245,1.1,1.0666666666666667,1.2,0.9333333333333333,0.9666666666666668,0.7,1.0666666666666667,22964.135218270563
246,1.1,1.0666666666666667,0.9333333333333333,0.9333333333333333,0.9666666666666668,0.7,1.0666666666666667,25206.1875588947
247,0.9,1.0666666666666667,0.9333333333333333,0.9333333333333333,0.9666666666666668,0.7,1.0666666666666667,18051.125798554403
248,1.2,1.2,1.0666666666666667,0.9333333333333333,1.3,1.3,0.9333333333333333,25780.532437745846
249,1.2,1.2,0.8,0.9333333333333333,1.3,1.3,0.9333333333333333,28104.0
250,1.2,0.9333333333333333,0.8,0.9333333333333333,1.3,1.3,0.9333333333333333,29368.693900764632
251,1.2,0.9333333333333333,0.8,0.9333333333333333,1.3,0.9,0.9333333333333333,28104.0
252,1.2,0.9333333333333333,0.8,1.2,1.3,0.9,0.9333333333333333,26034.963076011194
253,1.0,0.9333333333333333,0.8,1.2,1.3,0.9,0.9333333333333333,18610.296041156198
254,1.0,0.9333333333333333,0.8,1.2,0.9666666666666668,0.9,0.9333333333333333,18610.296041156198
255,1.0,0.9333333333333333,0.8,1.2,0.9666666666666668,0.9,1.2,20743.73155242257
256,1.0,0.8,1.2,1.0666666666666667,0.9666666666666668,0.7,0.8,19991.076615436803
257,1.0,1.0666666666666667,1.2,1.0666666666666667,0.9666666666666668,0.7,0.8,18099.307272463804
258,1.0,1.0666666666666667,1.2,1.0666666666666667,1.3,0.7,0.8,18099.307272463804
259,1.0,1.0666666666666667,1.2,0.8,1.3,0.7,0.8,22182.00381033501
260,1.2,1.0666666666666667,1.2,0.8,1.3,0.7,0.8,28062.480635185053
261,1.2,1.0666666666666667,1.2,0.8,1.3,0.7,1.0666666666666667,28104.0
262,1.2,1.0666666666666667,0.9333333333333333,0.8,1.3,0.7,1.0666666666666667,28104.0
263,1.2,1.0666666666666667,0.9333333333333333,0.8,1.3,1.1,1.0666666666666667,30871.547094588444
264,1.2,0.8,1.2,0.8,1.3,0.9,1.2,28749.722743742008
265,1.2,0.8,0.9333333333333333,0.8,1.3,0.9,1.2,33711.01928092575
266,1.2,0.8,0.9333333333333333,0.8,1.3,0.9,0.9333333333333333,32434.853543823556
267,1.2,0.8,0.9333333333333333,1.0666666666666667,1.3,0.9,0.9333333333333333,28104.0
268,1.0,0.8,0.9333333333333333,1.0666666666666667,1.3,0.9,0.9333333333333333,21814.21890359882
269,1.0,0.8,0.9333333333333333,1.0666666666666667,1.3,1.3,0.9333333333333333,21792.760178372242
270,1.0,0.8,0.9333333333333333,1.0666666666666667,0.9666666666666668,1.3,0.9333333333333333,21792.760178372242
271,1.0,1.0666666666666667,0.9333333333333333,1.0666666666666667,0.9666666666666668,1.3,0.9333333333333333,18644.594972431245
272,1.0,1.2,1.0666666666666667,0.9333333333333333,0.9666666666666668,0.7,0.8,20052.34803283205
273,1.0,0.9333333333333333,1.0666666666666667,0.9333333333333333,0.9666666666666668,0.7,0.8,20883.560550010727
274,1.0,0.9333333333333333,0.8,0.9333333333333333,0.9666666666666668,0.7,0.8,23068.256280443788
275,1.0,0.9333333333333333,0.8,0.9333333333333333,0.9666666666666668,1.1,0.8,21905.576222626893
276,1.0,0.9333333333333333,0.8,0.9333333333333333,0.9666666666666668,1.1,1.0666666666666667,23672.3542480795
277,1.2,0.9333333333333333,0.8,0.9333333333333333,0.9666666666666668,1.1,1.0666666666666667,30439.629794728644
278,1.2,0.9333333333333333,0.8,1.2,0.9666666666666668,1.1,1.0666666666666667,26713.54354650416
279,1.2,0.9333333333333333,0.8,1.2,1.3,1.1,1.0666666666666667,26713.54354650416
280,1.1,1.0666666666666667,1.2,0.9333333333333333,0.9666666666666668,1.1,0.8,22301.95109674158
281,1.1,1.0666666666666667,1.2,0.9333333333333333,0.9666666666666668,1.1,1.0666666666666667,23474.742152058257
282,1.1,1.0666666666666667,1.2,0.9333333333333333,0.9666666666666668,0.7,1.0666666666666667,22964.135218270563
283,1.1,1.0666666666666667,1.2,1.2,0.9666666666666668,0.7,1.0666666666666667,20862.549266644754
284,1.1,1.0666666666666667,1.2,1.2,1.3,0.7,1.0666666666666667,20862.549266644754
285,1.1,1.0666666666666667,0.9333333333333333,1.2,1.3,0.7,1.0666666666666667,20475.037242486556
286,1.1,0.8,0.9333333333333333,1.2,1.3,0.7,1.0666666666666667,23752.580783765283
287,0.9,0.8,0.9333333333333333,1.2,1.3,0.7,1.0666666666666667,16841.05477178438
288,1.0,1.0666666666666667,1.2,0.9333333333333333,1.3,0.7,1.2,22203.322324245844
289,1.0,1.0666666666666667,1.2,0.9333333333333333,1.3,0.7,0.9333333333333333,20079.940670388667
290,1.0,1.0666666666666667,1.2,0.9333333333333333,0.9666666666666668,0.7,0.9333333333333333,20079.940670388667
291,1.2,1.0666666666666667,1.2,0.9333333333333333,0.9666666666666668,0.7,0.9333333333333333,26130.934125871026
292,1.2,1.0666666666666667,1.2,1.2,0.9666666666666668,0.7,0.9333333333333333,21431.541835350632
293,1.2,1.0666666666666667,0.9333333333333333,1.2,0.9666666666666668,0.7,0.9333333333333333,23259.480575616144
294,1.2,1.0666666666666667,0.9333333333333333,1.2,0.9666666666666668,1.1,0.9333333333333333,23540.09542761962
295,1.2,0.8,0.9333333333333333,1.2,0.9666666666666668,1.1,0.9333333333333333,25682.761883281913
296,1.0,0.9333333333333333,1.0666666666666667,1.0666666666666667,1.1333333333333333,1.1,0.9333333333333333,20556.191741261493
297,1.0,0.9333333333333333,1.0666666666666667,1.0666666666666667,0.8,1.1,0.9333333333333333,20556.191741261493
298,1.0,1.2,1.0666666666666667,1.0666666666666667,0.8,1.1,0.9333333333333333,18168.167670227223
299,1.2,1.2,1.0666666666666667,1.0666666666666667,0.8,1.1,0.9333333333333333,24462.406916285778
300,1.2,1.2,1.0666666666666667,1.0666666666666667,0.8,0.7,0.9333333333333333,24576.416869507993
301,1.2,1.2,0.8,1.0666666666666667,0.8,0.7,0.9333333333333333,23482.25940931413
302,1.2,1.2,0.8,0.8,0.8,0.7,0.9333333333333333,25814.85003182869
303,1.2,1.2,0.8,0.8,0.8,0.7,1.2,28104.0
304,1.0,1.2,1.0666666666666667,0.9333333333333333,1.1333333333333333,1.1,0.9333333333333333,20285.04568176553
305,1.0,1.2,1.0666666666666667,0.9333333333333333,1.1333333333333333,1.1,1.2,20474.960744148044
306,1.0,1.2,1.0666666666666667,1.2,1.1333333333333333,1.1,1.2,18493.15283321873
307,1.0,0.9333333333333333,1.0666666666666667,1.2,1.1333333333333333,1.1,1.2,19251.933307663538
308,1.0,0.9333333333333333,0.8,1.2,1.1333333333333333,1.1,1.2,21075.874566962746
309,1.0,0.9333333333333333,0.8,1.2,0.8,1.1,1.2,21075.874566962746
310,1.0,0.9333333333333333,0.8,1.2,0.8,0.7,1.2,20226.7929256095
311,1.2,0.9333333333333333,0.8,1.2,0.8,0.7,1.2,25444.116674496257
312,1.0,0.9333333333333333,1.0666666666666667,0.9333333333333333,1.3,0.9,0.8,21105.98990642229
313,1.0,0.9333333333333333,1.0666666666666667,1.2,1.3,0.9,0.8,18280.721303506416
314,1.0,1.2,1.0666666666666667,1.2,1.3,0.9,0.8,16218.6183823762
315,1.2,1.2,1.0666666666666667,1.2,1.3,0.9,0.8,21220.47749169828
316,1.2,1.2,1.0666666666666667,1.2,1.3,0.9,1.0666666666666667,22046.091789817394
317,1.2,1.2,1.0666666666666667,1.2,1.3,1.3,1.0666666666666667,22727.287768502967
318,1.2,1.2,0.8,1.2,1.3,1.3,1.0666666666666667,24194.286637900175
319,1.2,1.2,0.8,1.2,0.9666666666666668,1.3,1.0666666666666667,24194.286637900175
320,1.2,0.8,1.2,1.2,0.9666666666666668,1.1,0.9333333333333333,24199.998411967797
321,1.0,0.8,1.2,1.2,0.9666666666666668,1.1,0.9333333333333333,19003.167027532647
322,1.0,0.8,1.2,0.9333333333333333,0.9666666666666668,1.1,0.9333333333333333,22322.008753290887
323,1.0,0.8,1.2,0.9333333333333333,0.9666666666666668,0.7,0.9333333333333333,22162.672812748107
324,1.0,0.8,1.2,0.9333333333333333,0.9666666666666668,0.7,1.2,22785.662680244102
325,1.0,0.8,1.2,0.9333333333333333,1.3,0.7,1.2,22785.662680244102
326,1.0,0.8,0.9333333333333333,0.9333333333333333,1.3,0.7,1.2,25928.491005512045
327,1.0,1.0666666666666667,0.9333333333333333,0.9333333333333333,1.3,0.7,1.2,21565.145170534066
328,1.0,1.0666666666666667,1.0666666666666667,1.0666666666666667,0.9666666666666668,1.1,0.8,17996.569772103132
329,1.0,1.0666666666666667,0.8,1.0666666666666667,0.9666666666666668,1.1,0.8,18321.032369595574
330,1.2,1.0666666666666667,0.8,1.0666666666666667,0.9666666666666668,1.1,0.8,25500.744077182542
331,1.2,1.0666666666666667,0.8,1.0666666666666667,0.9666666666666668,1.1,1.0666666666666667,28104.0
332,1.2,1.0666666666666667,0.8,0.8,0.9666666666666668,1.1,1.0666666666666667,28104.0
333,1.2,1.0666666666666667,0.8,0.8,0.9666666666666668,0.7,1.0666666666666667,28104.0
334,1.2,1.0666666666666667,0.8,0.8,1.3,0.7,1.0666666666666667,28104.0
335,1.2,0.8,0.8,0.8,1.3,0.7,1.0666666666666667,30123.922624095507
336,1.1,1.2,1.0666666666666667,1.0666666666666667,1.1333333333333333,0.7,1.0666666666666667,20647.60051141025
337,1.1,1.2,1.0666666666666667,0.8,1.1333333333333333,0.7,1.0666666666666667,26218.613392934538
338,1.1,1.2,1.0666666666666667,0.8,1.1333333333333333,1.1,1.0666666666666667,26718.30725065142
339,1.1,1.2,1.0666666666666667,0.8,1.1333333333333333,1.1,0.8,24688.43411876519
340,1.1,1.2,0.8,0.8,1.1333333333333333,1.1,0.8,28104.0
341,1.1,1.2,0.8,0.8,0.8,1.1,0.8,28104.0
342,0.9,1.2,0.8,0.8,0.8,1.1,0.8,19867.136523626115
343,0.9,0.9333333333333333,0.8,0.8,0.8,1.1,0.8,20946.002052055817
344,0.9,1.0666666666666667,0.9333333333333333,1.0666666666666667,1.1333333333333333,0.9,0.8,16085.867086311038
345,0.9,1.0666666666666667,0.9333333333333333,1.0666666666666667,1.1333333333333333,1.3,0.8,15574.147418323922
346,0.9,1.0666666666666667,1.2,1.0666666666666667,1.1333333333333333,1.3,0.8,15593.430662289047
347,0.9,1.0666666666666667,1.2,0.8,1.1333333333333333,1.3,0.8,19181.44998908735
348,0.9,1.0666666666666667,1.2,0.8,0.8,1.3,0.8,19181.44998908735
349,1.1,1.0666666666666667,1.2,0.8,0.8,1.3,0.8,24189.704656619022
350,1.1,1.0666666666666667,1.2,0.8,0.8,1.3,1.0666666666666667,25816.582547707025
351,1.1,0.8,1.2,0.8,0.8,1.3,1.0666666666666667,27634.791081317177
352,1.0,1.0666666666666667,1.2,1.0666666666666667,1.3,1.3,1.0666666666666667,20282.97469872317
353,1.0,1.0666666666666667,0.9333333333333333,1.0666666666666667,1.3,1.3,1.0666666666666667,19578.077020507877
354,1.0,1.0666666666666667,0.9333333333333333,1.0666666666666667,1.3,0.9,1.0666666666666667,19550.41816497372
355,1.2,1.0666666666666667,0.9333333333333333,1.0666666666666667,1.3,0.9,1.0666666666666667,26816.430770295003
356,1.2,1.0666666666666667,0.9333333333333333,1.0666666666666667,1.3,0.9,0.8,25805.787718788142
357,1.2,1.0666666666666667,0.9333333333333333,0.8,1.3,0.9,0.8,28104.0
358,1.2,1.0666666666666667,0.9333333333333333,0.8,0.9666666666666668,0.9,0.8,28104.0
359,1.2,0.8,0.9333333333333333,0.8,0.9666666666666668,0.9,0.8,31235.774677220434
360,1.2,1.2,0.8,1.0666666666666667,1.1333333333333333,0.7,1.0666666666666667,25123.392219406396
361,1.2,1.2,0.8,1.0666666666666667,0.8,0.7,1.0666666666666667,25123.392219406396
362,1.2,0.9333333333333333,0.8,1.0666666666666667,0.8,0.7,1.0666666666666667,28104.0
363,1.2,0.9333333333333333,0.8,0.8,0.8,0.7,1.0666666666666667,28104.0
364,1.2,0.9333333333333333,1.0666666666666667,0.8,0.8,0.7,1.0666666666666667,28913.43761958578
365,1.0,0.9333333333333333,1.0666666666666667,0.8,0.8,0.7,1.0666666666666667,23589.543266131604
366,1.0,0.9333333333333333,1.0666666666666667,0.8,0.8,1.1,1.0666666666666667,24019.743524443562
367,1.0,0.9333333333333333,1.0666666666666667,0.8,0.8,1.1,0.8,23200.644517927925
368,1.1,0.8,1.0666666666666667,0.9333333333333333,1.3,0.9,1.0666666666666667,25295.123685383965
369,1.1,1.0666666666666667,1.0666666666666667,0.9333333333333333,1.3,0.9,1.0666666666666667,24398.90402454768
370,1.1,1.0666666666666667,0.8,0.9333333333333333,1.3,0.9,1.0666666666666667,27512.049192655213
371,1.1,1.0666666666666667,0.8,1.2,1.3,0.9,1.0666666666666667,20540.58921290971
372,1.1,1.0666666666666667,0.8,1.2,1.3,1.3,1.0666666666666667,21593.827509107115
373,1.1,1.0666666666666667,0.8,1.2,0.9666666666666668,1.3,1.0666666666666667,21593.827509107115
374,1.1,1.0666666666666667,0.8,1.2,0.9666666666666668,1.3,0.8,18411.2994882591
375,0.9,1.0666666666666667,0.8,1.2,0.9666666666666668,1.3,0.8,14864.468213989438
376,0.9,0.9333333333333333,0.9333333333333333,0.9333333333333333,1.3,1.1,1.0666666666666667,20721.439234654983
377,0.9,0.9333333333333333,0.9333333333333333,0.9333333333333333,0.9666666666666668,1.1,1.0666666666666667,20721.439234654983
378,0.9,0.9333333333333333,0.9333333333333333,0.9333333333333333,0.9666666666666668,0.7,1.0666666666666667,20823.415553899176
379,1.1,0.9333333333333333,0.9333333333333333,0.9333333333333333,0.9666666666666668,0.7,1.0666666666666667,26016.725082682944
380,1.1,1.2,0.9333333333333333,0.9333333333333333,0.9666666666666668,0.7,1.0666666666666667,24048.11119064385
381,1.1,1.2,0.9333333333333333,1.2,0.9666666666666668,0.7,1.0666666666666667,18988.095915018974
382,1.1,1.2,0.9333333333333333,1.2,0.9666666666666668,0.7,0.8,18659.074644780198
383,1.1,1.2,1.2,1.2,0.9666666666666668,0.7,0.8,18193.511311272934
384,0.9,0.8,0.9333333333333333,0.8,1.1333333333333333,1.1,0.8,21175.71740320511
385,0.9,0.8,1.2,0.8,1.1333333333333333,1.1,0.8,20146.33479751328
386,0.9,0.8,1.2,0.8,1.1333333333333333,1.1,1.0666666666666667,22369.690153213334
387,0.9,0.8,1.2,0.8,1.1333333333333333,0.7,1.0666666666666667,21903.216344686218
388,0.9,0.8,1.2,1.0666666666666667,1.1333333333333333,0.7,1.0666666666666667,18137.298556120102
389,0.9,1.0666666666666667,1.2,1.0666666666666667,1.1333333333333333,0.7,1.0666666666666667,17689.62540010307
390,0.9,1.0666666666666667,1.2,1.0666666666666667,0.8,0.7,1.0666666666666667,17689.62540010307
391,1.1,1.0666666666666667,1.2,1.0666666666666667,0.8,0.7,1.0666666666666667,21974.077890302346
392,1.1,0.9333333333333333,0.8,1.2,1.1333333333333333,0.7,0.8,20889.93655581101
393,0.9,0.9333333333333333,0.8,1.2,1.1333333333333333,0.7,0.8,16252.099678844601
394,0.9,0.9333333333333333,0.8,1.2,0.8,0.7,0.8,16252.099678844601
395,0.9,0.9333333333333333,0.8,1.2,0.8,1.1,0.8,15884.546288546375
396,0.9,1.2,0.8,1.2,0.8,1.1,0.8,14334.81870193335
397,0.9,1.2,1.0666666666666667,1.2,0.8,1.1,0.8,14369.300677673375
398,0.9,1.2,1.0666666666666667,0.9333333333333333,0.8,1.1,0.8,17071.43726624495
399,0.9,1.2,1.0666666666666667,0.9333333333333333,0.8,1.1,1.0666666666666667,17816.39468578261
400,1.1,1.2,0.9333333333333333,1.2,1.3,1.3,1.0666666666666667,19977.732011292996
401,1.1,1.2,0.9333333333333333,0.9333333333333333,1.3,1.3,1.0666666666666667,25257.019427793966
402,1.1,1.2,1.2,0.9333333333333333,1.3,1.3,1.0666666666666667,23059.319635036423
403,1.1,1.2,1.2,0.9333333333333333,1.3,0.9,1.0666666666666667,22774.977229138392
404,0.9,1.2,1.2,0.9333333333333333,1.3,0.9,1.0666666666666667,17466.570856773607
405,0.9,1.2,1.2,0.9333333333333333,0.9666666666666668,0.9,1.0666666666666667,17466.570856773607
406,0.9,0.9333333333333333,1.2,0.9333333333333333,0.9666666666666668,0.9,1.0666666666666667,19790.725787241405
407,0.9,0.9333333333333333,1.2,0.9333333333333333,0.9666666666666668,0.9,0.8,17824.804592732973
408,0.9,0.8,1.0666666666666667,0.9333333333333333,1.1333333333333333,0.7,1.0666666666666667,20507.832961159977
409,0.9,0.8,0.8,0.9333333333333333,1.1333333333333333,0.7,1.0666666666666667,22225.882826171714
410,1.1,0.8,0.8,0.9333333333333333,1.1333333333333333,0.7,1.0666666666666667,28104.0
411,1.1,1.0666666666666667,0.8,0.9333333333333333,1.1333333333333333,0.7,1.0666666666666667,25291.15302698049
412,1.1,1.0666666666666667,0.8,0.9333333333333333,1.1333333333333333,0.7,0.8,24114.38627586745
413,1.1,1.0666666666666667,0.8,0.9333333333333333,1.1333333333333333,1.1,0.8,24794.154376228493
414,1.1,1.0666666666666667,0.8,0.9333333333333333,0.8,1.1,0.8,24794.154376228493
415,1.1,1.0666666666666667,0.8,1.2,0.8,1.1,0.8,19182.13557921963
416,0.9,0.9333333333333333,0.8,1.2,0.9666666666666668,1.3,0.8,15745.537308458877
417,0.9,0.9333333333333333,0.8,0.9333333333333333,0.9666666666666668,1.3,0.8,17951.169833866163
418,0.9,0.9333333333333333,0.8,0.9333333333333333,1.3,1.3,0.8,17951.169833866163
419,0.9,0.9333333333333333,1.0666666666666667,0.9333333333333333,1.3,1.3,0.8,17911.06737940015
420,0.9,0.9333333333333333,1.0666666666666667,0.9333333333333333,1.3,0.9,0.8,18274.714191023457
421,0.9,1.2,1.0666666666666667,0.9333333333333333,1.3,0.9,0.8,17582.01906476389
422,1.1,1.2,1.0666666666666667,0.9333333333333333,1.3,0.9,0.8,22917.460771454047
423,1.1,1.2,1.0666666666666667,0.9333333333333333,1.3,0.9,1.0666666666666667,23742.905523227884
424,1.0,0.8,1.0666666666666667,1.2,1.3,0.7,0.8,19096.70202584027
