Solarthermie;Grundlast
0;1
0;1
0;1
0;1
0;1
0;1
0;1
0;1
0;1
0;1
0;1
0,000109847;1
5,74643E-05;1
1,07091E-05;1
0;1
0;1
0;1
0;1
0;1
0;1
0;1
0;1
0;1
0;1
0;1
0;1
0;1
0;1
0;1
0;1
0;1
0;1
0;1
0;1
0;1
0;1
0;1
0;1
0;1
0;1
0;1
0;1
0;1
0;1
0;1
0;1
0;1
0;1
0;1
0;1
0;1
0;1
0;1
0;1
0;1
0;1
0;1
3,49394E-05;1
0,000150798;1
0,000159102;1
0,000161124;1
0,000109314;1
5,33047E-05;1
0;1
0;1
0;1
0;1
0;1
0;1
0;1
0;1
0;1
0;1
0;1
0;1
0;1
0;1
0;1
0;1
0;1
0;1
6,07028E-05;1
0,000192521;1
0,000310181;1
0,000366858;1
0,000326288;1
0,000259275;1
6,77526E-05;1
0;1
0;1
0;1
0;1
0;1
0;1
0;1
0;1
0;1
0;1
0;1
0;1
0;1
0;1
0;1
0;1
0;1
0;1
0;1
0;1
0;1
0;1
0;1
0;1
0;1
0;1
0;1
0;1
0;1
0;1
0;1
0;1
0;1
0;1
0;1
0;1
0;1
0;1
0;1
0;1
0;1
0;1
8,83751E-05;1
0,000127222;1
9,81335E-05;1
0,000117421;1
5,61002E-05;1
0;1
0;1
0;1
0;1
0;1
0;1
0;1
0;1
0;1
0;1
0;1
0;1
0;1
0;1
0;1
0;1
0;1
0;1
0;1
0;1
0;1
0;1
0;1
0;1
0;1
0;1
0;1
0;1
0;1
0;1
0;1
0;1
0;1
0;1
0;1
0;1
0;1
0;1
0;1
0;1
0;1
0;1
0;1
0;1
0;1
0;1
0;1
0;1
0;1
0;1
0;1
0;1
0;1
0;1
0;1
0;1
0;1
0;1
0;1
0;1
0;1
0;1
0;1
0;1
0;1
0;1
0;1
0;1
0;1
0;1
4,30313E-05;1
1,10989E-05;1
0;1
0;1
0;1
0;1
0;1
0;1
0;1
0;1
0;1
0;1
0;1
0;1
0;1
0;1
0;1
0;1
0;1
0;1
0;1
0;1
0;1
0;1
7,79725E-05;1
0,000210817;1
8,54291E-05;1
0;1
0;1
0;1
0;1
0;1
0;1
0;1
0;1
0;1
0;1
0;1
0;1
0;1
0;1
0;1
0;1
0;1
0;1
0,000149304;1
0,000220735;1
0,000299912;1
0,000226209;1
0,000111102;1
0;1
0;1
0;1
0;1
0;1
0;1
0;1
0;1
0;1
0;1
0;1
0;1
0;1
0;1
0;1
0;1
0;1
0;1
2,96902E-05;1
0,000182673;1
0,000296297;1
0,000297783;1
0,000228188;1
0,000166466;1
1,82884E-05;1
0;1
0;1
0;1
0;1
0;1
0;1
0;1
0;1
0;1
0;1
0;1
0;1
0;1
0;1
0;1
0;1
0;1
0;1
1,51899E-05;1
0,000114906;1
0,000109831;1
9,03325E-05;1
1,75438E-05;1
0;1
0;1
0;1
0;1
0;1
0;1
0;1
0;1
0;1
0;1
0;1
0;1
0;1
0;1
0;1
0;1
0;1
0;1
0;1
0;1
0;1
0;1
0;1
0;1
0;1
0;1
0;1
0;1
0;1
0;1
0;1
0;1
0;1
0;1
0;1
0;1
0;1
0;1
0;1
0;1
0;1
0;1
0;1
0;1
0;1
0;1
0;1
0;1
0;1
0;1
0;1
0;1
0;1
0;1
0;1
0;1
0;1
0;1
0;1
0;1
0;1
0;1
0;1
0;1
0;1
0;1
0;1
0;1
0;1
0;1
0;1
0;1
0;1
0;1
0;1
0;1
0;1
0;1
0;1
0;1
0;1
0;1
0;1
0;1
0;1
0;1
0;1
0;1
0;1
0;1
0;1
0,000118888;1
0,000185703;1
0,000217961;1
0,000236044;1
0,000142892;1
0;1
0;1
0;1
0;1
0;1
0;1
0;1
0;1
0;1
0;1
0;1
0;1
0;1
0;1
0;1
0;1
0;1
0;1
0;1
0,000122938;1
0,00016219;1
0,000169488;1
0,000143255;1
8,95725E-06;1
0;1
0;1
0;1
0;1
0;1
0;1
0;1
0;1
0;1
0;1
0;1
0;1
0;1
0;1
0;1
0;1
0;1
0;1
0;1
0;1
0;1
0;1
0,000172527;1
0,000188226;1
1,17459E-05;1
0;1
0;1
0;1
0;1
0;1
0;1
0;1
0;1
0;1
0;1
0;1
0;1
0;1
0;1
0;1
0;1
0;1
0;1
0;1
0;1
0;1
0;1
0;1
0;1
0;1
0;1
0;1
0;1
0;1
0;1
0;1
0;1
0;1
0;1
0;1
0;1
0;1
0;1
0;1
0;1
0;1
0;1
0;1
0;1
0;1
0;1
0;1
0;1
0;1
0;1
0;1
0;1
0;1
0;1
0;1
0;1
0;1
0;1
0;1
0;1
0;1
0;1
0;1
0;1
0;1
0;1
0;1
0;1
0;1
0;1
0;1
0;1
0;1
0;1
0;1
0;1
0;1
0;1
0;1
0;1
0;1
0;1
0;1
0;1
0;1
0;1
0;1
0;1
0;1
0;1
0;1
0;1
0;1
0;1
0;1
0;1
0;1
0;1
0;1
0;1
0;1
0;1
0;1
0;1
0;1
0;1
0;1
0;1
0;1
0;1
0;1
0;1
0;1
0;1
7,2883E-05;1
0,00020886;1
0,000213923;1
0,000325277;1
0,000263635;1
6,82296E-05;1
0;1
0;1
0;1
0;1
0;1
0;1
0;1
0;1
0;1
0;1
0;1
0;1
0;1
0;1
0;1
0;1
0;1
0;1
0;1
0;1
0;1
0,000104009;1
0,000172631;1
0,000106502;1
0;1
0;1
0;1
0;1
0;1
0;1
0;1
0;1
0;1
0;1
0;1
0;1
0;1
0;1
0;1
0;1
0;1
1,08576E-06;1
0,000104517;1
0,000183284;1
0,000328723;1
0,000381931;1
0,000272879;1
0,000123307;1
0;1
0;1
0;1
0;1
0;1
0;1
0;1
0;1
0;1
0;1
0;1
0;1
0;1
0;1
0;1
0;1
0;1
0;1
0;1
0;1
0;1
0;1
0;1
0;1
0;1
0;1
0;1
0;1
0;1
0;1
0;1
0;1
0;1
0;1
0;1
0;1
0;1
0;1
0;1
0;1
0;1
5,67849E-05;1
0,000303394;1
0,000385531;1
0,000412698;1
0,000369032;1
0,000292848;1
0,000158694;1
0;1
0;1
0;1
0;1
0;1
0;1
0;1
0;1
0;1
0;1
0;1
0;1
0;1
0;1
0;1
0;1
0;1
0;1
0;1
0;1
0;1
9,00113E-05;1
1,89479E-05;1
0;1
0;1
0;1
0;1
0;1
0;1
0;1
0;1
0;1
0;1
0;1
0;1
0;1
0;1
0;1
0;1
0;1
0;1
0;1
0;1
0;1
0;1
8,10757E-05;1
1,14058E-05;1
0;1
0;1
0;1
0;1
0;1
0;1
0;1
0;1
0;1
0;1
0;1
0;1
0;1
0;1
0;1
0;1
0;1
0;1
0;1
0;1
0;1
0;1
0;1
0;1
0;1
0;1
0;1
0;1
0;1
0;1
0;1
0;1
0;1
0;1
0;1
0;1
0;1
0;1
0;1
0;1
0;1
0;1
0,000125218;1
0,000185864;1
9,7033E-05;1
0,00010343;1
0,000107715;1
0;1
0;1
0;1
0;1
0;1
0;1
0;1
0;1
0;1
0;1
0;1
0;1
0;1
0;1
0;1
0;1
0;1
0;1
0;1
0;1
0;1
0;1
0;1
0;1
0;1
0;1
0;1
0;1
0;1
0;1
0;1
0;1
0;1
0;1
0;1
0;1
0;1
0;1
0;1
0;1
0;1
0;1
0;1
8,35593E-05;1
8,76489E-05;1
5,59317E-05;1
4,10679E-05;1
0;1
0;1
0;1
0;1
0;1
0;1
0;1
0;1
0;1
0;1
0;1
0;1
0;1
0;1
0;1
0;1
0;1
0;1
0;1
0;1
0;1
0;1
0;1
0;1
0;1
0;1
0;1
0;1
0;1
0;1
0;1
0;1
0;1
0;1
0;1
0;1
0;1
0;1
0;1
0;1
0;1
0;1
0;1
0;1
0;1
0;1
0;1
0;1
0;1
0;1
0;1
0;1
0;1
0;1
0;1
0;1
0;1
0;1
0;1
0;1
0;1
0;1
0;1
0;1
0;1
0;1
0;1
0;1
0;1
0;1
0;1
0;1
0;1
0;1
0;1
0;1
0;1
0;1
0;1
0;1
0;1
0;1
0;1
0;1
0;1
0;1
0;1
0;1
0;1
0;1
0;1
0;1
0,000130425;1
0,000290973;1
0,000316863;1
0,000314012;1
0,000306228;1
0,000264135;1
0,000116106;1
0;1
0;1
0;1
0;1
0;1
0;1
0;1
0;1
0;1
0;1
0;1
0;1
0;1
0;1
0;1
0;1
0;1
0;1
0;1
0;1
2,25486E-05;1
0,000319527;1
0;1
0;1
0;1
0;1
0;1
0;1
0;1
0;1
0;1
0;1
0;1
0;1
0;1
0;1
0;1
0;1
0;1
0;1
0;1
0;1
0;1
0,00011223;1
6,99707E-05;1
8,71611E-06;1
0;1
0;1
0;1
0;1
0;1
0;1
0;1
0;1
0;1
0;1
0;1
0;1
0;1
0;1
0;1
0;1
0;1
0;1
0;1
0;1
0;1
0;1
7,64586E-06;1
0,000383553;1
0,000323005;1
3,51428E-05;1
0;1
0;1
0;1
0;1
0;1
0;1
0;1
0;1
0;1
0;1
0;1
0;1
0;1
0;1
0;1
0;1
0;1
0;1
0;1
0;1
0;1
0;1
0;1
0;1
0;1
0;1
0;1
0;1
0;1
0;1
0;1
0;1
0;1
0;1
0;1
0;1
0;1
0;1
0;1
0;1
0;1
1,73304E-05;1
0,000201802;1
0,000327176;1
0,000323571;1
0,000307451;1
0,000195549;1
0,000101819;1
0;1
0;1
0;1
0;1
0;1
0;1
0;1
0;1
0;1
0;1
0;1
0;1
0;1
0;1
0;1
0;1
0;1
0,000182591;1
0,000340263;1
0,000207101;1
6,96718E-05;1
1,14583E-05;1
0;1
0;1
0;1
0;1
0;1
0;1
0;1
0;1
0;1
0;1
0;1
0;1
0;1
0;1
0;1
0;1
0;1
0;1
0;1
0;1
0;1
0;1
1,76198E-05;1
2,96931E-05;1
0;1
0;1
0;1
0;1
0;1
0;1
0;1
0;1
0;1
0;1
0;1
0;1
0;1
0;1
0;1
0;1
0;1
0;1
0;1
0;1
0;1
0;1
0;1
0,000136772;1
8,08234E-05;1
0,000204937;1
2,84884E-05;1
0;1
0;1
0;1
0;1
0;1
0;1
0;1
0;1
0;1
0;1
0;1
0;1
0;1
0;1
0;1
0;1
0;1
0;1
0;1
3,81734E-05;1
4,96408E-06;1
0;1
0;1
0;1
0;1
0;1
0;1
0;1
0;1
0;1
0;1
0;1
0;1
0;1
0;1
0;1
0;1
0;1
0;1
9,36071E-07;1
0,000199137;1
0,000366768;1
0,000480232;1
0,000512288;1
0,000482452;1
0,000388361;1
0,000248246;1
2,22115E-05;1
0;1
0;1
0;1
0;1
0;1
0;1
0;1
0;1
0;1
0;1
0;1
0;1
0;1
0;1
0;1
0;1
0;1
0;1
0;1
0;1
0;1
0;1
0;1
0;1
0;1
0;1
0;1
0;1
0;1
0;1
0;1
0;1
0;1
0;1
0;1
0;1
0;1
0;1
0;1
0;1
0;1
0;1
0;1
0;1
0,000160503;1
0,000142768;1
6,03112E-05;1
0;1
0;1
0;1
0;1
0;1
0;1
0;1
0;1
0;1
0;1
0;1
0;1
0;1
0;1
0;1
0;1
0;1
0;1
0;1
0;1
0;1
0;1
0;1
0;1
0;1
0;1
0;1
0;1
0;1
0;1
0;1
0;1
0;1
0;1
0;1
0;1
0;1
0;1
0;1
0;1
0;1
0;1
0;1
0;1
0;1
0;1
0;1
0;1
0;1
0;1
0;1
0;1
0;1
0;1
0;1
0;1
0;1
0;1
0;1
0;1
0;1
0;1
0;1
0;1
0;1
9,72193E-05;1
0,000247999;1
6,61459E-05;1
9,6592E-05;1
0,000176982;1
0;1
0;1
0;1
0;1
0;1
0;1
0;1
0;1
0;1
0;1
0;1
0;1
0;1
0;1
0;1
0;1
0;1
0;1
0;1
0;1
0;1
0;1
3,42571E-05;1
6,78865E-05;1
3,13492E-05;1
0;1
0;1
0;1
0;1
0;1
0;1
0;1
0;1
0;1
0;1
0;1
0;1
0;1
0;1
0;1
0;1
0;1
0;1
0,000202171;1
0,000375962;1
0,000481389;1
0,000498849;1
0,00045847;1
0,000370128;1
0,000223691;1
1,42493E-05;1
0;1
0;1
0;1
0;1
0;1
0;1
0;1
0;1
0;1
0;1
0;1
0;1
0;1
0;1
0;1
0;1
0,000200005;1
0,000201496;1
0,000301627;1
0,000354029;1
0,000292028;1
0,000307866;1
0,000201327;1
4,22097E-05;1
0;1
0;1
0;1
0;1
0;1
0;1
0;1
0;1
0;1
0;1
0;1
0;1
0;1
0;1
0;1
0;1
0,00015321;1
0,000360565;1
0,000376424;1
0,000214012;1
0,000138338;1
2,55676E-05;1
0;1
0;1
0;1
0;1
0;1
0;1
0;1
0;1
0;1
0;1
0;1
0;1
0;1
0;1
0;1
0;1
0;1
0;1
0;1
0;1
5,19665E-05;1
7,98985E-05;1
7,89653E-05;1
6,26123E-05;1
1,92824E-05;1
0;1
0;1
0;1
0;1
0;1
0;1
0;1
0;1
0;1
0;1
0;1
0;1
0;1
0;1
0;1
0;1
0;1
0;1
2,80286E-05;1
5,61443E-05;1
8,73684E-05;1
8,22518E-05;1
4,8177E-05;1
2,84919E-05;1
0;1
0;1
0;1
0;1
0;1
0;1
0;1
0;1
0;1
0;1
0;1
0;1
0;1
0;1
0;1
0;1
0;1
0;1
6,92366E-06;1
5,10241E-05;1
7,07164E-05;1
4,62399E-05;1
0;1
0;1
0;1
0;1
0;1
0;1
0;1
0;1
0;1
0;1
0;1
0;1
0;1
0;1
0;1
0;1
0;1
0;1
0;1
0;1
0;1
0;1
0;1
0;1
0;1
0;1
0;1
0;1
0;1
0;1
0;1
0;1
0;1
0;1
0;1
0;1
0;1
0;1
0;1
0;1
0;1
0;1
0;1
0;1
0;1
2,44689E-05;1
3,9629E-05;1
0;1
0;1
0;1
0;1
0;1
0;1
0;1
0;1
0;1
0;1
0;1
0;1
0;1
0;1
0;1
0;1
0;1
0;1
0;1
0;1
0;1
0;1
0,000154356;1
0,000279119;1
0,00013578;1
8,22086E-06;1
0;1
0;1
0;1
0;1
0;1
0;1
0;1
0;1
0;1
0;1
0;1
0;1
0;1
0;1
0;1
0;1
0;1
0;1
0;1
6,66397E-06;1
0,000133011;1
0,000252979;1
0,000251901;1
0,000252298;1
0,000137008;1
3,1633E-05;1
0;1
0;1
0;1
0;1
0;1
0;1
0;1
0;1
0;1
0;1
0;1
0;1
0;1
0;1
0;1
0;1
0;1
0;1
0;1
0;1
6,17143E-05;1
0;1
0;1
0;1
0;1
0;1
0;1
0;1
0;1
0;1
0;1
0;1
0;1
0;1
0;1
0;1
0;1
0;1
0;1
0;1
0;1
0;1
0;1
0;1
0,000168194;1
0,000150896;1
3,88473E-05;1
0;1
0;1
0;1
0;1
0;1
0;1
0;1
0;1
0;1
0;1
0;1
0;1
0;1
0;1
0;1
0;1
0;1
0;1
0;1
0;1
0;1
0,000192496;1
0,000155301;1
6,70333E-05;1
0;1
0;1
0;1
0;1
0;1
0;1
0;1
0;1
0;1
0;1
0;1
0;1
0;1
0;1
0;1
0;1
0;1
0;1
5,46124E-05;1
0,000236222;1
0,000224698;1
0,000227316;1
0,000176075;1
5,38449E-05;1
2,17815E-05;1
0;1
0;1
0;1
0;1
0;1
0;1
0;1
0;1
0;1
0;1
0;1
0;1
0;1
0;1
0;1
0;1
0;1
0;1
0;1
0;1
0;1
0;1
0;1
0;1
0;1
0;1
0;1
0;1
0;1
0;1
0;1
0;1
0;1
0;1
0;1
0;1
0;1
0;1
0;1
0;1
0;1
9,4135E-05;1
0,000188454;1
0,000130674;1
0;1
0;1
0;1
0;1
0;1
0;1
0;1
0;1
0;1
0;1
0;1
0;1
0;1
0;1
0;1
0;1
0;1
0;1
0;1
4,60428E-06;1
0,000139;1
0,000246615;1
0,000329593;1
0,000357811;1
0,000335866;1
0,000264481;1
0,000157783;1
3,155E-05;1
0;1
0;1
0;1
0;1
0;1
0;1
0;1
0;1
0;1
0;1
0;1
0;1
0;1
0;1
0;1
0;1
0;1
0;1
0;1
0;1
0;1
0;1
0;1
0;1
0;1
0;1
0;1
0;1
0;1
0;1
0;1
0;1
0;1
0;1
0;1
0;1
0;1
0;1
0;1
0;1
0;1
0;1
0;1
0;1
0;1
0;1
0;1
0;1
0;1
0;1
0;1
0;1
0;1
0;1
0;1
0;1
0;1
0;1
0;1
0;1
0;1
0;1
0;1
0;1
0;1
5,61956E-05;1
6,31552E-05;1
0;1
0;1
0;1
0;1
0;1
0;1
0;1
0;1
0;1
0;1
0;1
0;1
0;1
0;1
0;1
0;1
0;1
0;1
0;1
0;1
0;1
0;1
0;1
7,96675E-05;1
6,5563E-05;1
6,02933E-05;1
1,76105E-05;1
0;1
0;1
0;1
0;1
0;1
0;1
0;1
0;1
0;1
0;1
0;1
0;1
0;1
0;1
0;1
0;1
0;1
0;1
8,84316E-05;1
0,000153692;1
0,000310006;1
0,000289148;1
0,000287718;1
0,000260847;1
0,000113526;1
1,44209E-05;1
0;1
0;1
0;1
0;1
0;1
0;1
0;1
0;1
0;1
0;1
0;1
0;1
0;1
0;1
0;1
0;1
0;1
3,94757E-05;1
5,283E-05;1
0,000100208;1
6,98878E-05;1
3,27121E-05;1
0;1
0;1
0;1
0;1
0;1
0;1
0;1
0;1
0;1
0;1
0;1
0;1
0;1
0;1
0;1
0;1
0;1
0,000121165;1
0,00030413;1
0,00044926;1
0,00054295;1
0,000573743;1
0,000540448;1
0,000449437;1
0,000308648;1
0,00013305;1
0;1
0;1
0;1
0;1
0;1
0;1
0;1
0;1
0;1
0;1
0;1
0;1
0;1
0;1
0;1
7,79697E-05;1
0,000229248;1
0,000364022;1
0,000448421;1
0,000492068;1
0,000415205;1
0,000343099;1
0,00024855;1
9,27049E-05;1
0;1
0;1
0;1
0;1
0;1
0;1
0;1
0;1
0;1
0;1
0;1
0;1
0;1
0;1
0;1
8,60436E-05;1
0,000254496;1
0,000382088;1
0,000468728;1
0,000499452;1
0,000466209;1
0,000389445;1
0,000263582;1
0,000108523;1
0;1
0;1
0;1
0;1
0;1
0;1
0;1
0;1
0;1
0;1
0;1
0;1
0;1
0;1
0;1
9,96633E-05;1
0,000279357;1
0,000409686;1
0,000480566;1
0,000518839;1
0,000473164;1
0,000402732;1
0,000271113;1
0,000108207;1
0;1
0;1
0;1
0;1
0;1
0;1
0;1
0;1
0;1
0;1
0;1
0;1
0;1
0;1
0;1
0;1
0;1
6,23849E-05;1
8,47378E-05;1
9,80419E-05;1
8,29786E-05;1
5,99287E-05;1
4,96249E-06;1
0;1
0;1
0;1
0;1
0;1
0;1
0;1
0;1
0;1
0;1
0;1
0;1
0;1
0;1
0;1
0;1
0,000162102;1
0,000271763;1
0,000302015;1
0,000263304;1
0,000123614;1
9,18553E-05;1
0;1
0;1
0;1
0;1
0;1
0;1
0;1
0;1
0;1
0;1
0;1
0;1
0;1
0;1
0;1
0;1
0;1
0;1
0,000122014;1
0,000301758;1
0,000426859;1
0,000500715;1
0,000534468;1
0,000493444;1
0,000400618;1
0,000268707;1
0,000105697;1
0;1
0;1
0;1
0;1
0;1
0;1
0;1
0;1
0;1
0;1
0;1
0;1
0;1
0;1
0;1
0;1
0,000117945;1
0,000208259;1
0,000206677;1
0,000205118;1
0,000194848;1
0,000164124;1
0,00012344;1
8,03616E-06;1
0;1
0;1
0;1
0;1
0;1
0;1
0;1
0;1
0;1
0;1
0;1
0;1
0;1
0;1
0;1
0;1
6,88384E-05;1
0,000163371;1
0,000188824;1
0,000214769;1
0,000163959;1
0,000128995;1
8,89266E-05;1
0;1
0;1
0;1
0;1
0;1
0;1
0;1
0;1
0;1
0;1
0;1
0;1
0;1
0;1
0;1
0;1
4,3487E-05;1
0,000218163;1
0,00029817;1
0,000399094;1
0,000451682;1
0,000418316;1
0,000356255;1
0,000231233;1
0,000101732;1
0;1
0;1
0;1
0;1
0;1
0;1
0;1
0;1
0;1
0;1
0;1
0;1
0;1
0;1
0;1
0;1
0;1
0;1
0;1
0;1
0,000167433;1
0,000121874;1
6,72585E-05;1
9,5788E-07;1
0;1
0;1
0;1
0;1
0;1
0;1
0;1
0;1
0;1
0;1
0;1
0;1
0;1
0;1
0;1
0;1
0;1
0;1
0;1
0;1
0,000177282;1
0,000128392;1
6,576E-05;1
5,35778E-07;1
0;1
0;1
0;1
0;1
0;1
0;1
0;1
0;1
0;1
0;1
0;1
0;1
0;1
0;1
0;1
0;1
3,78837E-05;1
0,000112232;1
0,000145721;1
9,91519E-05;1
5,56744E-05;1
4,86973E-05;1
1,37461E-05;1
0;1
0;1
0;1
0;1
0;1
0;1
0;1
0;1
0;1
0;1
0;1
0;1
0;1
0;1
0;1
0;1
0,000103789;1
0,000260881;1
0,000404302;1
0,000471722;1
0,000502722;1
0,000472123;1
0,000401535;1
0,000277586;1
0,00011296;1
0;1
0;1
0;1
0;1
0;1
0;1
0;1
0;1
0;1
0;1
0;1
0;1
0;1
0;1
0;1
0;1
0;1
0;1
1,60195E-05;1
2,14524E-05;1
1,33728E-05;1
2,93351E-06;1
0;1
0;1
0;1
0;1
0;1
0;1
0;1
0;1
0;1
0;1
0;1
0;1
0;1
0;1
0;1
0;1
0;1
0;1
0;1
0;1
0;1
0;1
0;1
0;1
0;1
0;1
0;1
0;1
0;1
0;1
0;1
0;1
0;1
0;1
0;1
0;1
0;1
0;1
0;1
0;1
0;1
0,00010113;1
0,000172492;1
0,000277917;1
0,000331907;1
0,000441765;1
0,000422142;1
0,000337727;1
0,000243196;1
8,00212E-05;1
0;1
0;1
0;1
0;1
0;1
0;1
0;1
0;1
0;1
0;1
0;1
0;1
0;1
0;1
0;1
0,000186762;1
0,000365945;1
0,000505959;1
0,000591865;1
0,00061812;1
0,000584584;1
0,000493787;1
0,00034989;1
0,000175157;1
0;1
0;1
0;1
0;1
0;1
0;1
0;1
0;1
0;1
0;1
0;1
0;1
0;1
0;1
0;1
0;1
0;1
0;1
0;1
0;1
0;1
0;1
0;1
0;1
0;1
0;1
0;1
0;1
0;1
0;1
0;1
0;1
0;1
0;1
0;1
0;1
0;1
0;1
0;1
2,29672E-05;1
0,000102547;1
0,000142895;1
0,000179072;1
0,000185988;1
0,00017796;1
0,000136584;1
8,13864E-05;1
2,30406E-05;1
0;1
0;1
0;1
0;1
0;1
0;1
0;1
0;1
0;1
0;1
0;1
0;1
0;1
0;1
0;1
1,27432E-06;1
0,000268892;1
0,000365996;1
0,000323238;1
0,000369945;1
0,000145525;1
0,000177483;1
0,000210448;1
6,28067E-05;1
0;1
0;1
0;1
0;1
0;1
0;1
0;1
0;1
0;1
0;1
0;1
0;1
0;1
0;1
0;1
1,1488E-06;1
8,68062E-05;1
0,000141973;1
0,000155053;1
0,000152501;1
0,000144516;1
0,000107974;1
6,20593E-05;1
5,81426E-06;1
0;1
0;1
0;1
0;1
0;1
0;1
0;1
0;1
0;1
0;1
0;1
0;1
0;1
0;1
2,98914E-06;1
0,000199591;1
0,000199772;1
0,000306794;1
0,000284609;1
0,000145864;1
0;1
0;1
0;1
0;1
0;1
0;1
0;1
0;1
0;1
0;1
0;1
0;1
0;1
0;1
0;1
0;1
0;1
0;1
0;1
0;1
0;1
0;1
0;1
6,24894E-06;1
9,4471E-05;1
0,00026053;1
0,00035659;1
0,000209752;1
1,72479E-05;1
0;1
0;1
0;1
0;1
0;1
0;1
0;1
0;1
0;1
0;1
0;1
0;1
0;1
0;1
0;1
0;1
3,13215E-06;1
6,22743E-05;1
7,11192E-05;1
0,000154877;1
0,000158767;1
0,000169005;1
0,000111382;1
0;1
0;1
0;1
0;1
0;1
0;1
0;1
0;1
0;1
0;1
0;1
0;1
0;1
0;1
0;1
0;1
0;1
0;1
0;1
0;1
1,98319E-05;1
0,000103629;1
0,000120448;1
4,62467E-05;1
0;1
0;1
0;1
0;1
0;1
0;1
0;1
0;1
0;1
0;1
0;1
0;1
0;1
0;1
0;1
0;1
0;1
0;1
8,68002E-05;1
0,000258538;1
0,000151092;1
2,47312E-05;1
0;1
0;1
0;1
0;1
0;1
0;1
0;1
0;1
0;1
0;1
0;1
0;1
0;1
0;1
0;1
0;1
0;1
0,000176319;1
0,000347573;1
0,000476637;1
0,00055969;1
0,000584042;1
0,00055046;1
0,000462225;1
0,000324624;1
0,000152574;1
0;1
0;1
0;1
0;1
0;1
0;1
0;1
0;1
0;1
0;1
0;1
0;1
0;1
0;1
0;1
0;1
0;1
0;1
1,96899E-05;1
0;1
0;1
0;1
0;1
0;1
0;1
0;1
0;1
0;1
0;1
0;1
0;1
0;1
0;1
0;1
0;1
0;1
0;1
0;1
0;1
0;1
0;1
0;1
0;1
0;1
0;1
0;1
0;1
0;1
0;1
0;1
0;1
0;1
0;1
0;1
0;1
0;1
0;1
0;1
0;1
0;1
0;1
0;1
0;1
0;1
0,000110926;1
0,000201283;1
0,00042198;1
0,000614381;1
0,00024806;1
8,39671E-05;1
0,000128677;1
0;1
0;1
0;1
0;1
0;1
0;1
0;1
0;1
0;1
0;1
0;1
0;1
0;1
0;1
0;1
0;1
0;1
0;1
5,87687E-05;1
0,000522027;1
0,000483721;1
0,000465027;1
0,000318016;1
0,000105026;1
0;1
0;1
0;1
0;1
0;1
0;1
0;1
0;1
0;1
0;1
0;1
0;1
0;1
0;1
0;1
0;1
0,000178771;1
0,000289576;1
0,00051675;1
6,85261E-05;1
0;1
2,15764E-05;1
0;1
0;1
0;1
0;1
0;1
0;1
0;1
0;1
0;1
0;1
0;1
0;1
0;1
0;1
0;1
0;1
0;1
0;1
0,000113423;1
0,000247739;1
0,000344918;1
0,000417362;1
0,000426418;1
0,000379412;1
0,000316638;1
0,000212374;1
7,96037E-05;1
0;1
0;1
0;1
0;1
0;1
0;1
0;1
0;1
0;1
0;1
0;1
0;1
0;1
0;1
0;1
4,95212E-05;1
0,000176447;1
0,000276763;1
0,000431137;1
0,000349579;1
0,000285197;1
0,000189995;1
0,000164346;1
6,51868E-05;1
0;1
0;1
0;1
0;1
0;1
0;1
0;1
0;1
0;1
0;1
0;1
0;1
0;1
0;1
0;1
0,000102272;1
0,00021032;1
0,00028626;1
0,000342457;1
0,000370497;1
0,000327716;1
0,000266401;1
0,000172051;1
7,1992E-05;1
0;1
0;1
0;1
0;1
0;1
0;1
0;1
0;1
0;1
0;1
0;1
0;1
0;1
0;1
0;1
0,000166264;1
0,00033131;1
0,000458527;1
0,000537609;1
0,000559761;1
0,000524829;1
0,000433143;1
0,000294983;1
0,000127905;1
0;1
0;1
0;1
0;1
0;1
0;1
0;1
0;1
0;1
0;1
0;1
0;1
0;1
0;1
2,51684E-05;1
0,000212395;1
0,00038907;1
0,000498191;1
0,000193891;1
0,000197944;1
0,000187886;1
0,000136196;1
9,78893E-05;1
2,28722E-05;1
0;1
0;1
0;1
0;1
0;1
0;1
0;1
0;1
0;1
0;1
0;1
0;1
0;1
0;1
0;1
0;1
0;1
8,11648E-06;1
3,35655E-05;1
3,49788E-05;1
3,91323E-06;1
0;1
0;1
0;1
0;1
0;1
0;1
0;1
0;1
0;1
0;1
0;1
0;1
0;1
0;1
0;1
0;1
0;1
0;1
7,89402E-05;1
0,000178732;1
0,000238146;1
0,000286347;1
0,000297069;1
0,000279239;1
0,000231788;1
0,000157948;1
6,42655E-05;1
0;1
0;1
0;1
0;1
0;1
0;1
0;1
0;1
0;1
0;1
0;1
0;1
0;1
0;1
8,91871E-06;1
6,27202E-05;1
0,000331604;1
0,000505087;1
0,000259313;1
0;1
0;1
0;1
0;1
0;1
0;1
0;1
0;1
0;1
0;1
0;1
0;1
0;1
0;1
0;1
0;1
0;1
0;1
0;1
0;1
0,000125997;1
0,000266958;1
0,000370203;1
0,000427441;1
0,000422293;1
0,000395311;1
0,000311529;1
0,000206474;1
6,75175E-05;1
0;1
0;1
0;1
0;1
0;1
0;1
0;1
0;1
0;1
0;1
0;1
0;1
0;1
0;1
0;1
1,12084E-05;1
5,89333E-05;1
9,89431E-05;1
0,000139961;1
0,000168138;1
0,000129131;1
0,000125413;1
6,52727E-05;1
2,48439E-06;1
0;1
0;1
0;1
0;1
0;1
0;1
0;1
0;1
0;1
0;1
0;1
0;1
0;1
0;1
0;1
0;1
0;1
0;1
0;1
0,000102588;1
0,000484802;1
0,000486279;1
0,000343981;1
0,00012936;1
0;1
0;1
0;1
0;1
0;1
0;1
0;1
0;1
0;1
0;1
0;1
0;1
0;1
0;1
4,37024E-06;1
0,000122968;1
0,000132655;1
0,000163549;1
0,000222804;1
0,00029964;1
0,000377867;1
0,000431365;1
0,000310954;1
0,000131748;1
0;1
0;1
0;1
0;1
0;1
0;1
0;1
0;1
0;1
0;1
0;1
0;1
0;1
0;1
0;1
3,20865E-05;1
8,31222E-05;1
0,000187374;1
5,09207E-05;1
8,0563E-06;1
0;1
0,000225253;1
0,000310383;1
0,000189051;1
0;1
0;1
0;1
0;1
0;1
0;1
0;1
0;1
0;1
0;1
0;1
0;1
0;1
0;1
0;1
0;1
2,02285E-05;1
4,62327E-05;1
5,5015E-05;1
4,54059E-05;1
4,6739E-05;1
3,27975E-05;1
8,77412E-06;1
0;1
0;1
0;1
0;1
0;1
0;1
0;1
0;1
0;1
0;1
0;1
0;1
0;1
0;1
0;1
4,03628E-05;1
0,000218297;1
0,000392792;1
0,000500901;1
0,000231111;1
0,000226385;1
0,000218791;1
0,000187487;1
0,000117145;1
4,62126E-05;1
0;1
0;1
0;1
0;1
0;1
0;1
0;1
0;1
0;1
0;1
0;1
0;1
0;1
0;1
3,07177E-05;1
0,000188584;1
0,000331481;1
0,00043314;1
0,000483145;1
0,0004959;1
0,000472844;1
0,000408897;1
0,00029382;1
0,000151269;1
0;1
0;1
0;1
0;1
0;1
0;1
0;1
0;1
0;1
0;1
0;1
0;1
0;1
0;1
2,0093E-05;1
0,000180812;1
0,000328307;1
0,000425076;1
0,000491354;1
0,000510661;1
0,000475042;1
0,000399996;1
0,00027971;1
0,000135347;1
0;1
0;1
0;1
0;1
0;1
0;1
0;1
0;1
0;1
0;1
0;1
0;1
0;1
0;1
0;1
0,000126049;1
0,000247149;1
0,000376462;1
0,000405715;1
0,000391416;1
0,000332016;1
0,000268601;1
0,000237248;1
0,000121431;1
0;1
0;1
0;1
0;1
0;1
0;1
0;1
0;1
0;1
0;1
0;1
0;1
0;1
0;1
0;1
0;1
2,91562E-05;1
6,19499E-05;1
6,19273E-05;1
8,94824E-05;1
6,99898E-05;1
5,23577E-05;1
2,7539E-05;1
0;1
0;1
0;1
0;1
0;1
0;1
0;1
0;1
0;1
0;1
0;1
0;1
0;1
0;1
0;1
0;1
0;1
2,66817E-05;1
5,46707E-05;1
8,12148E-05;1
7,81322E-05;1
6,74398E-05;1
3,01266E-05;1
0;1
0;1
0;1
0;1
0;1
0;1
0;1
0;1
0;1
0;1
0;1
0;1
0;1
0;1
0;1
0;1
0;1
0;1
0;1
0;1
0;1
7,76892E-05;1
0,000103751;1
9,16488E-05;1
0,000187227;1
7,51037E-05;1
0;1
0;1
0;1
0;1
0;1
0;1
0;1
0;1
0;1
0;1
0;1
0;1
0;1
0;1
0;1
3,6237E-05;1
0,000101926;1
0,000141745;1
0,000120128;1
0,000138999;1
9,34791E-05;1
4,46593E-05;1
8,44976E-06;1
0;1
0;1
0;1
0;1
0;1
0;1
0;1
0;1
0;1
0;1
0;1
0;1
0;1
0;1
0;1
7,28956E-06;1
0,000176974;1
0,000364884;1
0,000438422;1
0,00058216;1
0,000608822;1
0,000571991;1
0,000478794;1
0,000326548;1
0,000169043;1
0;1
0;1
0;1
0;1
0;1
0;1
0;1
0;1
0;1
0;1
0;1
0;1
0;1
0;1
2,22122E-05;1
0,000197705;1
0,000352059;1
0,000469909;1
0,000538238;1
0,000552845;1
0,000517265;1
0,00042962;1
0,000299894;1
0,000138957;1
0;1
0;1
0;1
0;1
0;1
0;1
0;1
0;1
0;1
0;1
0;1
0;1
0;1
0;1
3,6894E-05;1
0,000215556;1
0,00037643;1
0,000496908;1
0,000567026;1
0,000585015;1
0,000548719;1
0,000461841;1
0,000327896;1
0,000165034;1
0;1
0;1
0;1
0;1
0;1
0;1
0;1
0;1
0;1
0;1
0;1
0;1
0;1
0;1
1,99875E-05;1
0,00015011;1
0,000278986;1
0,000344332;1
0,000412138;1
0,000416787;1
0,000381651;1
0,000277889;1
0,000224703;1
9,34748E-05;1
0;1
0;1
0;1
0;1
0;1
0;1
0;1
0;1
0;1
0;1
0;1
0;1
0;1
0;1
0;1
0;1
0;1
0;1
0;1
0;1
0;1
0;1
0;1
0;1
0;1
0;1
0;1
0;1
0;1
0;1
0;1
0;1
0;1
0;1
0;1
0;1
0;1
0;1
0;1
0;1
2,28332E-05;1
5,40946E-05;1
6,2798E-05;1
8,39268E-05;1
8,50908E-05;1
5,44538E-05;1
1,47255E-05;1
0;1
0;1
0;1
0;1
0;1
0;1
0;1
0;1
0;1
0;1
0;1
0;1
0;1
0;1
0;1
3,1842E-05;1
0,000190957;1
0,000318969;1
0,000416313;1
0,000460471;1
0,000480969;1
0,000450102;1
0,000389022;1
0,000281128;1
0,000144101;1
0;1
0;1
0;1
0;1
0;1
0;1
0;1
0;1
0;1
0;1
0;1
0;1
0;1
0;1
0;1
3,13702E-05;1
7,08974E-05;1
0,000100775;1
0,00012801;1
0,000124454;1
0,000109122;1
7,76701E-05;1
5,73238E-05;1
4,94368E-05;1
0;1
0;1
0;1
0;1
0;1
0;1
0;1
0;1
0;1
0;1
0;1
0;1
0;1
0;1
7,96002E-05;1
0,000230274;1
0,000371797;1
0,000480386;1
0,00014224;1
0,00017502;1
0,000151594;1
0,000132659;1
0,000117542;1
5,49507E-05;1
0;1
0;1
0;1
0;1
0;1
0;1
0;1
0;1
0;1
0;1
0;1
0;1
0;1
0;1
0;1
3,6992E-05;1
8,93171E-05;1
0,000107653;1
0,000131606;1
0,000122225;1
0,000159032;1
0,000129872;1
8,15121E-05;1
2,65586E-05;1
0;1
0;1
0;1
0;1
0;1
0;1
0;1
0;1
0;1
0;1
0;1
0;1
0;1
0;1
0;1
0;1
3,48624E-05;1
5,59801E-05;1
5,67936E-05;1
5,7261E-05;1
5,93383E-05;1
4,55733E-05;1
2,73742E-05;1
8,90129E-06;1
0;1
0;1
0;1
0;1
0;1
0;1
0;1
0;1
0;1
0;1
0;1
0;1
0;1
0;1
0;1
0;1
2,66824E-05;1
4,41298E-05;1
5,13239E-05;1
5,74814E-05;1
5,17561E-05;1
4,74124E-05;1
1,96973E-05;1
0;1
0;1
0;1
0;1
0;1
0;1
0;1
0;1
0;1
0;1
0;1
0;1
0;1
0;1
0;1
3,09726E-05;1
0,00016223;1
0,000280245;1
0,000382572;1
0,000425639;1
0,000455825;1
0,000424157;1
0,000369812;1
0,000272653;1
0,000157845;1
5,11212E-06;1
0;1
0;1
0;1
0;1
0;1
0;1
0;1
0;1
0;1
0;1
0;1
0;1
0;1
8,99924E-05;1
0,000178503;1
0,000248625;1
0,000287727;1
0,00015332;1
0,000153193;1
1,39015E-05;1
0;1
0;1
0;1
0;1
0;1
0;1
0;1
0;1
0;1
0;1
0;1
0;1
0;1
0;1
0;1
0;1
0;1
0;1
5,31725E-05;1
0,00015335;1
0,000218156;1
0,000171049;1
0,000156893;1
0;1
3,99072E-05;1
0;1
0;1
0;1
0;1
0;1
0;1
0;1
0;1
0;1
0;1
0;1
0;1
0;1
0;1
0;1
0;1
6,49818E-05;1
0,000237457;1
0,000389539;1
0,000504955;1
0,000575578;1
0,000597694;1
0,000560355;1
0,00047882;1
0,00035058;1
0,000193186;1
2,68225E-05;1
0;1
0;1
0;1
0;1
0;1
0;1
0;1
0;1
0;1
0;1
0;1
0;1
0;1
4,93391E-05;1
0,000222051;1
0,000373852;1
0,000492476;1
0,000560619;1
0,000582795;1
0,000548879;1
0,000466221;1
0,000337908;1
0,000178994;1
1,04367E-05;1
0;1
0;1
0;1
0;1
0;1
0;1
0;1
0;1
0;1
0;1
0;1
0;1
0;1
0;1
3,90908E-05;1
0,00014821;1
0,000159723;1
0,000280742;1
0,000325085;1
0,000483118;1
0,000443681;1
0,000326237;1
0,000155386;1
1,67509E-05;1
0;1
0;1
0;1
0;1
0;1
0;1
0;1
0;1
0;1
0;1
0;1
0;1
0;1
0;1
2,71539E-05;1
5,05167E-05;1
6,12801E-05;1
8,83021E-05;1
0,000104095;1
9,30152E-05;1
8,07284E-05;1
4,288E-05;1
1,9588E-05;1
0;1
0;1
0;1
0;1
0;1
0;1
0;1
0;1
0;1
0;1
0;1
0;1
0;1
0;1
6,52266E-06;1
4,05539E-05;1
2,37935E-05;1
0,000120757;1
0;1
0;1
0,000179194;1
0,000292932;1
0,000181874;1
0,000137127;1
3,87318E-06;1
0;1
0;1
0;1
0;1
0;1
0;1
0;1
0;1
0;1
0;1
0;1
0;1
0;1
5,21148E-05;1
0,000254806;1
0,000404069;1
0,00051446;1
0,000158616;1
0,000105539;1
9,42376E-05;1
6,93569E-05;1
4,33773E-05;1
3,00999E-05;1
0;1
0;1
0;1
0;1
0;1
0;1
0;1
0;1
0;1
0;1
0;1
0;1
0;1
0;1
0;1
0;1
3,26199E-05;1
5,8789E-05;1
8,94241E-05;1
7,68405E-05;1
5,70564E-05;1
3,89874E-05;1
1,53152E-05;1
0;1
0;1
0;1
0;1
0;1
0;1
0;1
0;1
0;1
0;1
0;1
0;1
0;1
0;1
0;1
2,77898E-05;1
0,000215991;1
0,000269638;1
0,000277803;1
0,000186276;1
0,000337028;1
0,000269528;1
0;1
0;1
0;1
0;1
0;1
0;1
0;1
0;1
0;1
0;1
0;1
0;1
0;1
0;1
0;1
0;1
0;1
2,2539E-05;1
0,00016898;1
0,00029518;1
0,000386632;1
0,000443228;1
0,000427531;1
0,000417779;1
0,000344385;1
0,00025596;1
0,000139434;1
4,21882E-06;1
0;1
0;1
0;1
0;1
0;1
0;1
0;1
0;1
0;1
0;1
0;1
0;1
0;1
6,6693E-05;1
8,2551E-05;1
9,55152E-05;1
0,000282758;1
8,99845E-05;1
0,000186817;1
0,000113241;1
0;1
0,00012418;1
5,30496E-05;1
0;1
0;1
0;1
0;1
0;1
0;1
0;1
0;1
0;1
0;1
0;1
0;1
0;1
0;1
0;1
0;1
6,61531E-05;1
0,000197876;1
0,00026482;1
0,00028545;1
0,000313125;1
0,000226565;1
0,000107795;1
4,20532E-05;1
3,56924E-06;1
0;1
0;1
0;1
0;1
0;1
0;1
0;1
0;1
0;1
0;1
0;1
0;1
0;1
2,90963E-05;1
0,00019881;1
0,000350713;1
0,000466459;1
0,000532978;1
0,000550713;1
0,000516806;1
0,000435686;1
0,000311844;1
0,000155125;1
0;1
0;1
0;1
0;1
0;1
0;1
0;1
0;1
0;1
0;1
0;1
0;1
0;1
0;1
2,41067E-05;1
0,000185963;1
0,000332361;1
0,000445326;1
0,000511907;1
0,000528049;1
0,000499101;1
0,000426459;1
0,000307555;1
0,000158703;1
0;1
0;1
0;1
0;1
0;1
0;1
0;1
0;1
0;1
0;1
0;1
0;1
0;1
0;1
2,21121E-05;1
0,000143675;1
0,000238651;1
0,000373518;1
0,000370009;1
0,000407471;1
0,000404719;1
0,000329516;1
0,000223476;1
0,000119922;1
3,48476E-06;1
0;1
0;1
0;1
0;1
0;1
0;1
0;1
0;1
0;1
0;1
0;1
0;1
0;1
7,22188E-05;1
0,000133717;1
0,000259163;1
0,000137658;1
0,000202917;1
0,000123201;1
2,99876E-05;1
8,92886E-05;1
8,42893E-05;1
1,90479E-05;1
0;1
0;1
0;1
0;1
0;1
0;1
0;1
0;1
0;1
0;1
0;1
0;1
0;1
0;1
7,251E-05;1
0,000245366;1
0,000345034;1
0,000295486;1
0;1
6,44719E-06;1
9,27814E-05;1
0,000127429;1
0,000169405;1
2,66727E-05;1
7,39067E-06;1
0;1
0;1
0;1
0;1
0;1
0;1
0;1
0;1
0;1
0;1
0;1
0;1
0;1
4,64423E-05;1
0,000187576;1
0,000305145;1
0,000399646;1
0,000460444;1
0,000475397;1
0,00045808;1
0,000400064;1
0,000287165;1
0,00016785;1
3,07851E-05;1
0;1
0;1
0;1
0;1
0;1
0;1
0;1
0;1
0;1
0;1
0;1
0;1
0;1
1,64637E-05;1
7,33256E-05;1
0,000142374;1
0,000188388;1
0,000204262;1
0,000224572;1
0,000175348;1
0,00015571;1
0,000128569;1
8,32851E-05;1
1,83732E-05;1
0;1
0;1
0;1
0;1
0;1
0;1
0;1
0;1
0;1
0;1
0;1
0;1
0;1
4,33814E-05;1
0,000215256;1
0,000369959;1
0,000488919;1
0,000559185;1
0,00057845;1
0,000548026;1
0,000466107;1
0,000340741;1
0,000186415;1
2,34778E-05;1
0;1
0;1
0;1
0;1
0;1
0;1
0;1
0;1
0;1
0;1
0;1
0;1
0;1
0;1
4,75367E-05;1
8,21506E-05;1
0,000143148;1
0,000163284;1
0,000166401;1
0,000145751;1
0,000118022;1
7,78442E-05;1
2,14975E-05;1
0;1
0;1
0;1
0;1
0;1
0;1
0;1
0;1
0;1
0;1
0;1
0;1
0;1
0;1
3,04713E-05;1
0,000183844;1
0,000321444;1
0,000428718;1
0,000494373;1
0,000509019;1
0,000487305;1
0,000417006;1
0,000311879;1
0,000169391;1
1,66429E-05;1
0;1
0;1
0;1
0;1
0;1
0;1
0;1
0;1
0;1
0;1
0;1
0;1
0;1
0;1
4,81789E-05;1
0,000132225;1
0,000121852;1
0,0001943;1
0,000201107;1
0,00017462;1
0,000206465;1
0,000196805;1
8,53085E-05;1
1,09201E-05;1
0;1
0;1
0;1
0;1
0;1
0;1
0;1
0;1
0;1
0;1
0;1
0;1
0;1
0;1
0;1
1,25715E-05;1
2,68815E-05;1
3,37218E-05;1
3,05377E-05;1
3,36371E-05;1
1,13782E-05;1
6,30705E-06;1
0;1
0;1
0;1
0;1
0;1
0;1
0;1
0;1
0;1
0;1
0;1
0;1
0;1
0;1
0;1
0;1
8,15169E-06;1
3,4975E-05;1
6,05317E-05;1
8,21232E-05;1
8,13133E-05;1
7,68455E-05;1
6,40862E-05;1
4,5324E-05;1
1,90541E-05;1
0;1
0;1
0;1
0;1
0;1
0;1
0;1
0;1
0;1
0;1
0;1
0;1
0;1
0;1
6,03323E-05;1
0,000235523;1
0,000347632;1
0,000415437;1
0,000215491;1
0,000159157;1
0,000110221;1
8,78267E-05;1
0,000155882;1
8,37856E-05;1
1,88327E-05;1
0;1
0;1
0;1
0;1
0;1
0;1
0;1
0;1
0;1
0;1
0;1
0;1
0;1
5,16304E-05;1
0,00018339;1
0,000303175;1
0,00039292;1
0,000453354;1
0,000464547;1
0,000442392;1
0,000367953;1
0,00027286;1
0,000158131;1
4,30107E-05;1
0;1
0;1
0;1
0;1
0;1
0;1
0;1
0;1
0;1
0;1
0;1
0;1
0;1
0;1
4,79446E-05;1
0,000100807;1
0,000168327;1
8,53022E-05;1
0,000141924;1
0,000237894;1
0,000187194;1
0,000107484;1
0,000131354;1
3,56215E-05;1
0;1
0;1
0;1
0;1
0;1
0;1
0;1
0;1
0;1
0;1
0;1
0;1
0;1
4,91895E-05;1
0,000144466;1
0,000323727;1
0,000346409;1
0,000138576;1
0,000248612;1
0,000250764;1
0,00019678;1
0,000184329;1
0,000139964;1
2,65208E-05;1
0;1
0;1
0;1
0;1
0;1
0;1
0;1
0;1
0;1
0;1
0;1
0;1
0;1
1,19325E-05;1
6,90604E-05;1
0,000122782;1
0,000191513;1
0,000189531;1
0,000198708;1
0,000186052;1
0,000171967;1
0,000114385;1
8,5727E-05;1
2,54448E-05;1
0;1
0;1
0;1
0;1
0;1
0;1
0;1
0;1
0;1
0;1
0;1
0;1
0;1
0;1
0;1
4,84178E-06;1
2,39101E-05;1
2,81707E-05;1
3,02977E-05;1
2,80045E-05;1
1,0429E-05;1
0;1
0;1
0;1
0;1
0;1
0;1
0;1
0;1
0;1
0;1
0;1
0;1
0;1
0;1
0;1
0;1
2,82457E-05;1
0,000125033;1
0,000218981;1
0,000295723;1
0,000350388;1
0,000349289;1
0,000329692;1
0,000269465;1
0,000187992;1
0,000116999;1
3,58377E-05;1
0;1
0;1
0;1
0;1
0;1
0;1
0;1
0;1
0;1
0;1
0;1
0;1
0;1
2,65759E-05;1
0,000174244;1
0,000297469;1
0,00039176;1
0,000445403;1
0,000461899;1
0,000438167;1
0,000376744;1
0,000277105;1
0,000151957;1
2,27823E-05;1
0;1
0;1
0;1
0;1
0;1
0;1
0;1
0;1
0;1
0;1
0;1
0;1
0;1
0;1
2,43187E-05;1
6,02715E-05;1
8,60394E-05;1
0,000125021;1
0,000154951;1
0,000147087;1
0,000114035;1
7,70215E-05;1
3,29815E-05;1
0;1
0;1
0;1
0;1
0;1
0;1
0;1
0;1
0;1
0;1
0;1
0;1
0;1
0;1
6,84343E-05;1
0,000137051;1
0,00025555;1
0,00025216;1
0,000225429;1
0,00021469;1
0;1
0;1
9,15367E-05;1
0,000103589;1
0;1
0;1
0;1
0;1
0;1
0;1
0;1
0;1
0;1
0;1
0;1
0;1
0;1
0;1
0;1
0;1
0;1
0;1
0;1
0;1
0;1
0;1
0;1
0;1
0;1
0;1
0;1
0;1
0;1
0;1
0;1
0;1
0;1
0;1
0;1
0;1
0;1
0;1
4,71799E-05;1
0,000203069;1
0,000357857;1
0,000534929;1
0,000368972;1
0,000306976;1
0,00029033;1
0,000169418;1
0,000137295;1
6,68906E-05;1
2,48867E-05;1
0;1
0;1
0;1
0;1
0;1
0;1
0;1
0;1
0;1
0;1
0;1
0;1
0;1
4,0597E-05;1
0,000200046;1
0,000344244;1
0,000452979;1
0,000522469;1
0,000549262;1
0,000528035;1
0,000456398;1
0,000342497;1
0,000197167;1
4,33784E-05;1
0;1
0;1
0;1
0;1
0;1
0;1
0;1
0;1
0;1
0;1
0;1
0;1
0;1
3,02121E-05;1
0,000194041;1
0,000343838;1
0,000454073;1
0,000519319;1
0,000538782;1
0,000509216;1
0,000442201;1
0,000322787;1
0,000176273;1
2,35937E-05;1
0;1
0;1
0;1
0;1
0;1
0;1
0;1
0;1
0;1
0;1
0;1
0;1
0;1
2,1066E-05;1
0,00017372;1
0,000314054;1
0,000416454;1
0,000479358;1
0,000502967;1
0,000480847;1
0,000412877;1
0,000306611;1
0,000172081;1
2,3599E-05;1
0;1
0;1
0;1
0;1
0;1
0;1
0;1
0;1
0;1
0;1
0;1
0;1
0;1
1,58711E-05;1
0,000157007;1
0,000290949;1
0,000383931;1
0,000444924;1
0,000468463;1
0,000468134;1
0,000414241;1
0,000309571;1
0,000168607;1
1,56192E-05;1
0;1
0;1
0;1
0;1
0;1
0;1
0;1
0;1
0;1
0;1
0;1
0;1
0;1
0;1
0;1
6,48307E-06;1
2,93006E-06;1
1,52873E-05;1
2,2519E-05;1
1,69051E-05;1
2,19215E-05;1
0;1
0;1
0;1
0;1
0;1
0;1
0;1
0;1
0;1
0;1
0;1
0;1
0;1
0;1
0;1
0;1
0;1
1,10227E-05;1
3,94509E-05;1
7,96976E-05;1
8,28551E-05;1
9,24134E-05;1
8,01329E-05;1
7,46137E-05;1
5,27332E-05;1
3,3104E-05;1
1,89245E-07;1
0;1
0;1
0;1
0;1
0;1
0;1
0;1
0;1
0;1
0;1
0;1
0;1
0;1
4,52751E-05;1
0,00015027;1
0,000240748;1
0,000315873;1
0,000363721;1
0,000384413;1
0,000356848;1
0,00030505;1
0,000239321;1
0,000148915;1
5,34045E-05;1
0;1
0;1
0;1
0;1
0;1
0;1
0;1
0;1
0;1
0;1
0;1
0;1
0;1
0;1
1,78097E-05;1
5,73843E-05;1
8,72366E-05;1
0,000107464;1
0,000106049;1
9,65417E-05;1
7,50434E-05;1
5,15112E-05;1
1,80673E-05;1
0;1
0;1
0;1
0;1
0;1
0;1
0;1
0;1
0;1
0;1
0;1
0;1
0;1
0;1
2,82488E-05;1
0,000181652;1
0,00031469;1
0,000419501;1
0,000478145;1
0,0004905;1
0,000469206;1
0,000406471;1
0,000306364;1
0,000174176;1
3,58447E-05;1
0;1
0;1
0;1
0;1
0;1
0;1
0;1
0;1
0;1
0;1
0;1
0;1
0;1
3,06308E-05;1
0,000166397;1
0,000365783;1
0,000532001;1
0,000148186;1
8,64114E-05;1
0,00011553;1
0,000147382;1
0,000184247;1
9,42853E-05;1
2,42647E-05;1
0;1
0;1
0;1
0;1
0;1
0;1
0;1
0;1
0;1
0;1
0;1
0;1
0;1
2,96036E-05;1
0,000136764;1
0,000400584;1
0,00023526;1
6,15449E-05;1
1,42956E-05;1
0,000113536;1
0;1
4,33683E-05;1
0;1
0;1
0;1
0;1
0;1
0;1
0;1
0;1
0;1
0;1
0;1
0;1
0;1
0;1
0;1
0;1
0;1
0;1
0;1
0;1
0;1
0;1
0;1
0;1
0;1
0;1
0;1
0;1
0;1
0;1
0;1
0;1
0;1
0;1
0;1
0;1
0;1
0;1
0;1
0;1
5,17657E-06;1
2,25527E-05;1
9,16292E-05;1
3,44598E-05;1
0,000170678;1
0;1
0;1
0,000262276;1
8,75487E-05;1
0;1
0;1
0;1
0;1
0;1
0;1
0;1
0;1
0;1
0;1
0;1
0;1
0;1
0;1
0;1
0;1
0;1
0;1
6,27127E-05;1
5,7329E-05;1
0,000143377;1
0,000204661;1
0,000173884;1
4,86475E-05;1
8,30902E-06;1
0;1
0;1
0;1
0;1
0;1
0;1
0;1
0;1
0;1
0;1
0;1
0;1
0;1
1,88335E-05;1
0,000160515;1
0,000287761;1
0,000387535;1
0,000442267;1
0,000468789;1
0,000427397;1
0,000365772;1
0,000267751;1
0,00015065;1
2,78443E-05;1
0;1
0;1
0;1
0;1
0;1
0;1
0;1
0;1
0;1
0;1
0;1
0;1
0;1
0;1
0;1
8,89334E-05;1
0,000131707;1
0,000116239;1
0,000154775;1
0,00020457;1
0,000186268;1
0,000136887;1
3,74692E-05;1
9,68913E-06;1
0;1
0;1
0;1
0;1
0;1
0;1
0;1
0;1
0;1
0;1
0;1
0;1
0;1
2,66224E-05;1
0,000141847;1
0,000241752;1
0,000328567;1
0,000381721;1
0,000390212;1
0,000372394;1
0,000323764;1
0,00024737;1
0,000146772;1
3,48008E-05;1
0;1
0;1
0;1
0;1
0;1
0;1
0;1
0;1
0;1
0;1
0;1
0;1
0;1
1,08489E-05;1
0,00013812;1
0,000258402;1
0,000352195;1
0,000412133;1
0,000425842;1
0,000404062;1
0,000352533;1
0,00025882;1
0,000142332;1
1,69421E-05;1
0;1
0;1
0;1
0;1
0;1
0;1
0;1
0;1
0;1
0;1
0;1
0;1
0;1
4,61624E-05;1
0,000172747;1
0,000287762;1
0,000375116;1
0,00042808;1
0,000452052;1
0,000435957;1
0,000377536;1
0,000290803;1
0,000183122;1
6,55044E-05;1
0;1
0;1
0;1
0;1
0;1
0;1
0;1
0;1
0;1
0;1
0;1
0;1
0;1
4,1321E-05;1
0,000203103;1
0,000355255;1
0,000473671;1
0,000543095;1
0,000569281;1
0,000548645;1
0,000480111;1
0,00036493;1
0,000217316;1
5,21481E-05;1
0;1
0;1
0;1
0;1
0;1
0;1
0;1
0;1
0;1
0;1
0;1
0;1
0;1
0;1
1,56518E-05;1
0,000146617;1
0,000166932;1
0,000324184;1
0,000301393;1
0,00013555;1
7,81513E-05;1
6,49576E-05;1
1,48349E-05;1
0;1
0;1
0;1
0;1
0;1
0;1
0;1
0;1
0;1
0;1
0;1
0;1
0;1
0;1
0;1
0;1
0;1
0,000102513;1
7,23845E-05;1
7,57244E-05;1
0,0001488;1
8,7229E-05;1
7,80072E-05;1
4,37476E-05;1
0;1
0;1
0;1
0;1
0;1
0;1
0;1
0;1
0;1
0;1
0;1
0;1
0;1
0;1
5,05056E-05;1
0,000146305;1
0,000310688;1
0,000477917;1
0,000610167;1
0,000403168;1
4,66569E-05;1
0;1
0;1
0;1
0;1
0;1
0;1
0;1
0;1
0;1
0;1
0;1
0;1
0;1
0;1
0;1
0;1
0;1
2,63888E-06;1
0,000143714;1
0,000280745;1
0,000376146;1
0,00044351;1
0,000470679;1
0,000441411;1
0,000379148;1
0,000279624;1
0,000153612;1
7,96178E-06;1
0;1
0;1
0;1
0;1
0;1
0;1
0;1
0;1
0;1
0;1
0;1
0;1
0;1
8,12402E-06;1
0,000160968;1
0,000298384;1
0,000405789;1
0,000478224;1
0,000498921;1
0,000448225;1
0,000373574;1
0,000266008;1
0,000142219;1
2,06983E-05;1
0;1
0;1
0;1
0;1
0;1
0;1
0;1
0;1
0;1
0;1
0;1
0;1
0;1
4,25471E-05;1
0,000172909;1
0,000218358;1
0,000175993;1
0,000186035;1
5,3272E-05;1
0,000136802;1
0,000253134;1
0,000225253;1
0;1
0;1
0;1
0;1
0;1
0;1
0;1
0;1
0;1
0;1
0;1
0;1
0;1
0;1
0;1
1,36957E-05;1
3,49444E-05;1
7,26015E-05;1
6,65186E-05;1
0,000109079;1
5,5832E-05;1
2,73937E-05;1
8,55344E-05;1
0;1
0;1
0;1
0;1
0;1
0;1
0;1
0;1
0;1
0;1
0;1
0;1
0;1
0;1
0;1
0;1
0;1
0;1
0;1
5,11743E-05;1
8,66898E-05;1
0,000116957;1
0,000105141;1
0,000131691;1
6,57734E-05;1
8,42368E-05;1
4,67078E-06;1
0;1
0;1
0;1
0;1
0;1
0;1
0;1
0;1
0;1
0;1
0;1
0;1
0;1
1,6235E-05;1
0,000150441;1
0,000225659;1
0,000349702;1
0,000433016;1
0,000422713;1
0,000395573;1
0,000350272;1
0,000199884;1
0,000103751;1
2,82408E-05;1
0;1
0;1
0;1
0;1
0;1
0;1
0;1
0;1
0;1
0;1
0;1
0;1
0;1
0;1
0;1
0;1
4,15813E-06;1
2,41174E-05;1
4,41326E-05;1
2,1362E-05;1
0;1
0;1
0;1
0;1
0;1
0;1
0;1
0;1
0;1
0;1
0;1
0;1
0;1
0;1
0;1
0;1
0;1
0;1
7,6514E-05;1
0,000229456;1
0,000265787;1
0,000313169;1
0,000362631;1
0,000376657;1
0,000297709;1
0,000238251;1
0,000168752;1
2,62814E-05;1
0;1
0;1
0;1
0;1
0;1
0;1
0;1
0;1
0;1
0;1
0;1
0;1
0;1
0;1
0;1
5,46972E-05;1
7,18136E-05;1
8,73774E-05;1
4,89869E-05;1
9,80681E-05;1
0,000108501;1
0,00013189;1
9,75826E-05;1
9,60359E-06;1
0;1
0;1
0;1
0;1
0;1
0;1
0;1
0;1
0;1
0;1
0;1
0;1
0;1
4,2646E-06;1
0,000166736;1
0,000258677;1
0,000344973;1
0,000367618;1
0,000360999;1
0,000373066;1
0,000258609;1
0,000169503;1
6,7165E-05;1
0;1
0;1
0;1
0;1
0;1
0;1
0;1
0;1
0;1
0;1
0;1
0;1
0;1
0;1
0;1
8,11895E-05;1
0,00027733;1
0,000266479;1
0,000536858;1
0,00037806;1
0,000257223;1
0,000176546;1
0,000144714;1
4,17701E-05;1
6,10482E-06;1
0;1
0;1
0;1
0;1
0;1
0;1
0;1
0;1
0;1
0;1
0;1
0;1
0;1
5,66737E-06;1
0,00014384;1
0,000275871;1
0,000379672;1
0,000468925;1
0,000490027;1
0,000451217;1
0,00039598;1
0,000301026;1
0,00015849;1
1,25262E-05;1
0;1
0;1
0;1
0;1
0;1
0;1
0;1
0;1
0;1
0;1
0;1
0;1
0;1
0;1
0;1
0;1
1,55887E-07;1
1,13578E-05;1
2,02082E-05;1
1,49801E-05;1
1,47445E-05;1
0;1
0;1
0;1
0;1
0;1
0;1
0;1
0;1
0;1
0;1
0;1
0;1
0;1
0;1
0;1
0;1
0;1
0;1
0;1
0;1
0;1
0;1
0;1
0;1
0;1
0;1
0;1
0;1
0;1
0;1
0;1
0;1
0;1
0;1
0;1
0;1
0;1
0;1
0;1
0;1
1,58753E-05;1
0,00018907;1
0,000350818;1
0,000480045;1
0,000560483;1
0,000587636;1
0,000561454;1
0,000479273;1
0,000349859;1
0,000188201;1
1,49127E-05;1
0;1
0;1
0;1
0;1
0;1
0;1
0;1
0;1
0;1
0;1
0;1
0;1
0;1
1,38597E-05;1
0,000179041;1
0,000336453;1
0,000472832;1
0,000553351;1
0,000584641;1
0,000550742;1
0,000476878;1
0,000357601;1
0,000195658;1
3,19722E-05;1
0;1
0;1
0;1
0;1
0;1
0;1
0;1
0;1
0;1
0;1
0;1
0;1
0;1
2,56253E-05;1
0,000202216;1
0,00036759;1
0,000498981;1
0,000577634;1
0,000600205;1
0,000567548;1
0,000483822;1
0,000357468;1
0,000195364;1
3,06594E-05;1
0;1
0;1
0;1
0;1
0;1
0;1
0;1
0;1
0;1
0;1
0;1
0;1
0;1
2,60788E-05;1
0,00018776;1
0,000330507;1
0,000432824;1
0,000510166;1
0,000516587;1
0,000498513;1
0,000430419;1
0,000323147;1
0,000179344;1
3,41618E-05;1
0;1
0;1
0;1
0;1
0;1
0;1
0;1
0;1
0;1
0;1
0;1
0;1
0;1
2,16067E-05;1
0,000197916;1
0,000365464;1
0,000493159;1
0,000574625;1
0,00059927;1
0,00057106;1
0,000487648;1
0,000358858;1
0,000198614;1
2,7102E-05;1
0;1
0;1
0;1
0;1
0;1
0;1
0;1
0;1
0;1
0;1
0;1
0;1
0;1
2,87948E-06;1
0,000101211;1
0,000170432;1
0,000160766;1
0,000143262;1
0,000116232;1
0,000114743;1
0,000105384;1
7,4149E-07;1
0;1
0;1
0;1
0;1
0;1
0;1
0;1
0;1
0;1
0;1
0;1
0;1
0;1
0;1
0;1
1,44786E-05;1
0,00023481;1
0,000316487;1
0,000296741;1
0,000229738;1
0,000224994;1
0,000140878;1
0,000145298;1
6,44866E-05;1
0;1
0;1
0;1
0;1
0;1
0;1
0;1
0;1
0;1
0;1
0;1
0;1
0;1
0;1
0;1
0;1
3,52355E-05;1
8,62639E-05;1
0,000108502;1
0,00015308;1
0,000162315;1
0,000197468;1
0,000147428;1
0,000136133;1
6,32032E-05;1
0;1
0;1
0;1
0;1
0;1
0;1
0;1
0;1
0;1
0;1
0;1
0;1
0;1
0;1
2,97696E-05;1
0,000191279;1
0,000337436;1
0,000457378;1
0,000541484;1
0,000568553;1
0,000551773;1
0,00047609;1
0,000349434;1
0,000196269;1
3,4661E-05;1
0;1
0;1
0;1
0;1
0;1
0;1
0;1
0;1
0;1
0;1
0;1
0;1
0;1
0;1
1,25317E-05;1
5,67208E-05;1
8,84161E-05;1
0,000119345;1
0,000135698;1
0,000114186;1
7,11842E-05;1
6,31913E-05;1
1,90137E-05;1
4,93034E-06;1
0;1
0;1
0;1
0;1
0;1
0;1
0;1
0;1
0;1
0;1
0;1
0;1
0;1
8,90208E-06;1
8,76421E-05;1
0,000158739;1
0,00019007;1
0,000200271;1
0,000193927;1
0,000215745;1
0,00017954;1
0,000158517;1
7,3435E-05;1
1,9571E-05;1
0;1
0;1
0;1
0;1
0;1
0;1
0;1
0;1
0;1
0;1
0;1
0;1
0;1
0;1
5,46598E-05;1
0,000117889;1
0,000167944;1
0,000187213;1
0,000190336;1
0,000224926;1
0,000153025;1
0,000105922;1
4,11242E-05;1
0;1
0;1
0;1
0;1
0;1
0;1
0;1
0;1
0;1
0;1
0;1
0;1
0;1
0;1
0;1
2,93675E-05;1
0,000105599;1
0,000150504;1
0,000173999;1
0,00023982;1
0,000224462;1
0,000209481;1
0,000143243;1
5,14582E-05;1
0;1
0;1
0;1
0;1
0;1
0;1
0;1
0;1
0;1
0;1
0;1
0;1
0;1
0;1
0;1
0,000119766;1
0,000250639;1
0,000326417;1
0,000371636;1
0,000390912;1
0,000352987;1
0,000295399;1
0,000212551;1
0,000101862;1
0;1
0;1
0;1
0;1
0;1
0;1
0;1
0;1
0;1
0;1
0;1
0;1
0;1
0;1
0;1
0;1
8,07704E-06;1
2,2885E-05;1
3,94191E-05;1
4,60803E-05;1
4,11016E-05;1
2,02942E-05;1
1,10781E-06;1
0;1
0;1
0;1
0;1
0;1
0;1
0;1
0;1
0;1
0;1
0;1
0;1
0;1
0;1
0;1
0;1
0;1
3,84814E-05;1
5,55411E-05;1
3,0955E-05;1
3,85025E-05;1
4,52703E-05;1
5,08177E-05;1
6,58082E-05;1
3,51497E-05;1
0;1
0;1
0;1
0;1
0;1
0;1
0;1
0;1
0;1
0;1
0;1
0;1
0;1
0;1
3,19417E-05;1
0,000251798;1
0,000294571;1
0,00012948;1
0,00041537;1
0,000185429;1
0,000143838;1
0;1
0;1
2,10578E-05;1
0;1
0;1
0;1
0;1
0;1
0;1
0;1
0;1
0;1
0;1
0;1
0;1
0;1
0;1
3,04915E-05;1
0,000208408;1
0,000374467;1
0,00050144;1
0,000578947;1
0,000601395;1
0,000568572;1
0,000482233;1
0,000348386;1
0,000183258;1
1,53273E-05;1
0;1
0;1
0;1
0;1
0;1
0;1
0;1
0;1
0;1
0;1
0;1
0;1
0;1
0;1
0;1
0;1
0;1
0,000115855;1
0,000305243;1
0,000625907;1
0,000553735;1
0,000356463;1
9,83875E-05;1
1,54043E-05;1
0;1
0;1
0;1
0;1
0;1
0;1
0;1
0;1
0;1
0;1
0;1
0;1
0;1
0;1
0;1
0;1
6,48324E-05;1
0,000166653;1
0,000368889;1
0,000108382;1
0,00014787;1
2,11678E-05;1
4,5383E-05;1
0;1
0;1
0;1
0;1
0;1
0;1
0;1
0;1
0;1
0;1
0;1
0;1
0;1
0;1
0;1
1,69612E-05;1
6,50262E-05;1
0;1
4,25035E-05;1
0,000204949;1
0,000118912;1
0;1
0;1
0;1
0;1
0;1
0;1
0;1
0;1
0;1
0;1
0;1
0;1
0;1
0;1
0;1
0;1
0;1
8,53539E-06;1
5,94725E-05;1
0,000209923;1
0,000208918;1
0,000317568;1
0,000218506;1
0,000232973;1
0,000277193;1
0,000185375;1
0,000133714;1
2,5601E-05;1
0;1
0;1
0;1
0;1
0;1
0;1
0;1
0;1
0;1
0;1
0;1
0;1
0;1
4,02587E-05;1
0,000210104;1
0,000370106;1
0,000493163;1
0,000576317;1
0,000611388;1
0,000565485;1
0,000484429;1
0,00034897;1
0,000190522;1
2,6397E-05;1
0;1
0;1
0;1
0;1
0;1
0;1
0;1
0;1
0;1
0;1
0;1
0;1
0;1
2,7857E-05;1
0,000209903;1
0,000378871;1
0,000512273;1
0,000596287;1
0,000620286;1
0,000587547;1
0,000495913;1
0,000354724;1
0,000183764;1
8,15893E-06;1
0;1
0;1
0;1
0;1
0;1
0;1
0;1
0;1
0;1
0;1
0;1
0;1
0;1
7,33045E-06;1
0,000180461;1
0,000304653;1
0,000424222;1
0,000342244;1
0,000415108;1
0,000322132;1
0,000301104;1
0,000161346;1
0,00011333;1
0;1
0;1
0;1
0;1
0;1
0;1
0;1
0;1
0;1
0;1
0;1
0;1
0;1
0;1
2,27079E-05;1
6,2201E-05;1
0,000206783;1
0,000131102;1
0,000121122;1
9,53474E-05;1
0,000292866;1
0,000397209;1
0,000299818;1
0,000204715;1
2,21283E-05;1
0;1
0;1
0;1
0;1
0;1
0;1
0;1
0;1
0;1
0;1
0;1
0;1
0;1
0;1
5,84622E-05;1
0,000418118;1
0,000564065;1
0,000426127;1
0,000363931;1
0;1
0;1
0;1
0;1
0;1
0;1
0;1
0;1
0;1
0;1
0;1
0;1
0;1
0;1
0;1
0;1
0;1
0;1
0;1
0;1
0;1
3,70919E-06;1
1,3739E-05;1
1,86749E-05;1
9,1614E-06;1
0;1
0;1
0;1
0;1
0;1
0;1
0;1
0;1
0;1
0;1
0;1
0;1
0;1
0;1
0;1
0;1
0;1
0;1
0;1
0;1
0;1
0;1
0;1
0;1
8,38119E-06;1
0;1
0;1
0;1
0;1
0;1
0;1
0;1
0;1
0;1
0;1
0;1
0;1
0;1
0;1
0;1
0;1
0;1
0;1
0;1
0;1
3,50919E-05;1
1,22025E-05;1
1,50939E-05;1
3,58954E-05;1
2,37652E-05;1
4,10282E-05;1
0;1
0;1
0;1
0;1
0;1
0;1
0;1
0;1
0;1
0;1
0;1
0;1
0;1
0;1
0;1
0;1
0;1
0;1
6,1512E-06;1
8,56454E-06;1
2,54509E-06;1
0;1
0;1
0;1
0;1
0;1
0;1
0;1
0;1
0;1
0;1
0;1
0;1
0;1
0;1
0;1
0;1
0;1
0;1
0;1
1,76009E-05;1
5,19689E-05;1
4,42473E-05;1
4,77903E-05;1
4,90803E-05;1
2,62946E-05;1
1,8119E-06;1
0;1
0;1
0;1
0;1
0;1
0;1
0;1
0;1
0;1
0;1
0;1
0;1
0;1
0;1
0;1
9,94773E-06;1
0,000194171;1
0,000361264;1
0,000489246;1
0,000573393;1
0,000600099;1
0,0005698;1
0,000478449;1
0,000336456;1
0,000161268;1
0;1
0;1
0;1
0;1
0;1
0;1
0;1
0;1
0;1
0;1
0;1
0;1
0;1
0;1
2,13565E-06;1
0,000184931;1
0,000354943;1
0,000487252;1
0,000565964;1
0,000585888;1
0,000546066;1
0,000451612;1
0,000305834;1
0,000130381;1
0;1
0;1
0;1
0;1
0;1
0;1
0;1
0;1
0;1
0;1
0;1
0;1
0;1
0;1
0;1
0,000174747;1
0,000327554;1
0,000449937;1
0,000514982;1
0,000527873;1
0,00049703;1
0,000416263;1
0,000291516;1
0,00012884;1
0;1
0;1
0;1
0;1
0;1
0;1
0;1
0;1
0;1
0;1
0;1
0;1
0;1
0;1
0;1
0;1
0;1
3,29477E-05;1
6,37326E-05;1
6,48713E-05;1
6,04284E-05;1
2,28581E-05;1
0;1
0;1
0;1
0;1
0;1
0;1
0;1
0;1
0;1
0;1
0;1
0;1
0;1
0;1
0;1
0;1
0;1
2,39E-06;1
3,61708E-05;1
5,9464E-05;1
8,18008E-05;1
0,000125047;1
9,81568E-05;1
7,13931E-05;1
2,93358E-05;1
0;1
0;1
0;1
0;1
0;1
0;1
0;1
0;1
0;1
0;1
0;1
0;1
0;1
0;1
0;1
1,4891E-05;1
0,000194687;1
0,000356387;1
0,000478278;1
0,00055007;1
0,00057294;1
0,000545875;1
0,000455133;1
0,000320643;1
0,000149878;1
0;1
0;1
0;1
0;1
0;1
0;1
0;1
0;1
0;1
0;1
0;1
0;1
0;1
0;1
1,52309E-05;1
0,000215287;1
0,000391809;1
0,000524996;1
0,000598926;1
0,000619117;1
0,000577663;1
0,000478382;1
0,000327622;1
0,000145432;1
0;1
0;1
0;1
0;1
0;1
0;1
0;1
0;1
0;1
0;1
0;1
0;1
0;1
0;1
0;1
0,00017106;1
0,000313149;1
0,000431721;1
0,000502249;1
0,000516094;1
0,000477286;1
0,00039857;1
0,000263337;1
9,63E-05;1
0;1
0;1
0;1
0;1
0;1
0;1
0;1
0;1
0;1
0;1
0;1
0;1
0;1
0;1
0;1
0;1
2,64498E-05;1
3,73902E-05;1
7,74037E-05;1
8,24342E-05;1
7,12954E-05;1
4,24807E-05;1
7,87713E-06;1
0;1
0;1
0;1
0;1
0;1
0;1
0;1
0;1
0;1
0;1
0;1
0;1
0;1
0;1
0;1
2,96776E-05;1
0,000201388;1
0,000414278;1
0,000472794;1
0,000213207;1
0;1
0;1
0;1
0;1
0;1
0;1
0;1
0;1
0;1
0;1
0;1
0;1
0;1
0;1
0;1
0;1
0;1
0;1
0;1
8,37623E-06;1
0,000217896;1
0,000396732;1
0,000529545;1
0,000608901;1
0,000624809;1
0,000580806;1
0,000474782;1
0,000320192;1
0,000135482;1
0;1
0;1
0;1
0;1
0;1
0;1
0;1
0;1
0;1
0;1
0;1
0;1
0;1
0;1
3,29303E-05;1
0,000145427;1
0,000224775;1
0,000366534;1
0,000457437;1
9,58247E-05;1
7,87219E-05;1
0;1
0;1
0;1
0;1
0;1
0;1
0;1
0;1
0;1
0;1
0;1
0;1
0;1
0;1
0;1
0;1
0;1
0;1
0;1
0;1
0;1
0;1
0;1
0;1
0;1
0;1
0;1
0;1
0;1
0;1
0;1
0;1
0;1
0;1
0;1
0;1
0;1
0;1
0;1
0;1
0;1
0;1
0;1
0;1
0;1
0;1
0;1
0;1
0;1
0;1
0;1
0;1
0;1
0;1
0;1
0;1
0;1
0;1
0;1
0;1
0;1
0;1
0;1
0;1
0;1
0;1
0;1
4,1236E-05;1
0,000133245;1
7,3713E-05;1
9,38126E-05;1
7,96736E-05;1
5,1873E-05;1
0;1
0;1
0;1
0;1
0;1
0;1
0;1
0;1
0;1
0;1
0;1
0;1
0;1
0;1
0;1
0;1
0;1
0;1
4,7934E-06;1
3,56034E-05;1
5,0224E-05;1
7,42192E-05;1
2,89257E-05;1
7,41803E-05;1
0;1
0;1
0;1
0;1
0;1
0;1
0;1
0;1
0;1
0;1
0;1
0;1
0;1
0;1
0;1
0;1
0;1
0;1
0;1
6,00269E-06;1
3,58105E-05;1
4,49369E-05;1
7,17048E-05;1
1,25289E-05;1
0;1
0;1
0;1
0;1
0;1
0;1
0;1
0;1
0;1
0;1
0;1
0;1
0;1
0;1
0;1
0;1
0;1
0,000132526;1
0,000296693;1
0,000385082;1
0,000408925;1
0,000416121;1
0,00029075;1
0,000269425;1
0,00018107;1
6,09736E-05;1
0;1
0;1
0;1
0;1
0;1
0;1
0;1
0;1
0;1
0;1
0;1
0;1
0;1
0;1
0;1
0;1
1,03073E-05;1
3,63174E-05;1
0,000114363;1
0,00010536;1
6,47472E-05;1
0;1
0;1
0;1
0;1
0;1
0;1
0;1
0;1
0;1
0;1
0;1
0;1
0;1
0;1
0;1
0;1
0;1
0;1
0;1
0;1
1,81532E-05;1
1,54998E-05;1
9,61611E-05;1
0,000168875;1
0,000138091;1
3,96297E-05;1
0;1
0;1
0;1
0;1
0;1
0;1
0;1
0;1
0;1
0;1
0;1
0;1
0;1
0;1
0;1
0;1
0,000144344;1
0,000320803;1
0,000450817;1
0,000515588;1
0,000433375;1
0,000425887;1
0,000313092;1
0,000190012;1
3,92542E-05;1
0;1
0;1
0;1
0;1
0;1
0;1
0;1
0;1
0;1
0;1
0;1
0;1
0;1
0;1
0;1
0;1
0;1
0;1
1,45767E-05;1
2,09515E-05;1
1,93767E-06;1
0;1
0;1
0;1
0;1
0;1
0;1
0;1
0;1
0;1
0;1
0;1
0;1
0;1
0;1
0;1
0;1
0;1
0;1
5,32512E-05;1
0,000196971;1
0,000346283;1
0,000433816;1
0,00037429;1
0,000398283;1
0,000306447;1
0,000209049;1
2,50317E-05;1
0;1
0;1
0;1
0;1
0;1
0;1
0;1
0;1
0;1
0;1
0;1
0;1
0;1
0;1
0;1
0;1
0;1
0;1
0;1
0;1
0,000462341;1
0,000374014;1
0,000186139;1
3,48763E-05;1
0;1
0;1
0;1
0;1
0;1
0;1
0;1
0;1
0;1
0;1
0;1
0;1
0;1
0;1
0;1
0;1
0;1
0;1
0;1
0;1
0;1
0;1
0;1
0;1
0;1
0;1
0;1
0;1
0;1
0;1
0;1
0;1
0;1
0;1
0;1
0;1
0;1
0;1
0;1
0;1
0,000134434;1
0,000140333;1
0,00025773;1
0,000351444;1
0,000454825;1
0,000402104;1
0,00021301;1
1,57055E-05;1
0;1
0;1
0;1
0;1
0;1
0;1
0;1
0;1
0;1
0;1
0;1
0;1
0;1
0;1
0;1
0;1
0;1
0;1
0;1
0;1
0;1
0;1
0;1
0;1
0;1
0;1
0;1
0;1
0;1
0;1
0;1
0;1
0;1
0;1
0;1
0;1
0;1
0;1
0;1
0;1
0;1
0;1
0;1
0;1
0,000341279;1
0,000239443;1
0,000110401;1
0;1
0;1
0;1
0;1
0;1
0;1
0;1
0;1
0;1
0;1
0;1
0;1
0;1
0;1
0;1
0;1
0;1
0;1
0;1
0;1
0;1
0;1
0;1
0;1
0;1
0;1
0;1
0;1
0;1
0;1
0;1
0;1
0;1
0;1
0;1
0;1
0;1
0;1
0;1
0;1
0;1
2,04662E-05;1
5,39474E-05;1
5,81656E-05;1
0,000116831;1
6,40895E-05;1
4,84946E-05;1
3,79874E-06;1
0;1
0;1
0;1
0;1
0;1
0;1
0;1
0;1
0;1
0;1
0;1
0;1
0;1
0;1
0;1
0;1
0;1
2,13218E-05;1
6,43554E-05;1
9,00985E-05;1
0,000100972;1
9,84247E-05;1
4,76507E-05;1
1,12292E-06;1
0;1
0;1
0;1
0;1
0;1
0;1
0;1
0;1
0;1
0;1
0;1
0;1
0;1
0;1
0;1
0;1
0;1
0;1
0;1
0;1
0;1
0;1
0;1
0;1
0;1
0;1
0;1
0;1
0;1
0;1
0;1
0;1
0;1
0;1
0;1
0;1
0;1
0;1
0;1
0;1
0;1
0;1
0;1
0;1
0;1
0;1
0;1
0;1
0;1
0;1
0;1
0;1
0;1
0;1
0;1
0;1
0;1
0;1
0;1
0;1
0;1
0;1
0;1
0;1
0;1
3,16521E-05;1
9,43427E-05;1
0,000157107;1
0,000165331;1
0,000166434;1
0,000109742;1
3,99205E-05;1
0;1
0;1
0;1
0;1
0;1
0;1
0;1
0;1
0;1
0;1
0;1
0;1
0;1
0;1
0;1
0;1
1,27537E-05;1
0,000125996;1
0,00020457;1
0,000236517;1
0,000233242;1
0,000208625;1
0,000114406;1
4,19164E-05;1
0;1
0;1
0;1
0;1
0;1
0;1
0;1
0;1
0;1
0;1
0;1
0;1
0;1
0;1
0;1
0;1
7,53348E-05;1
0,00018622;1
0,000302018;1
0,000403524;1
0,000383053;1
0,000339742;1
0,000255998;1
0,000155926;1
2,24634E-05;1
0;1
0;1
0;1
0;1
0;1
0;1
0;1
0;1
0;1
0;1
0;1
0;1
0;1
0;1
0;1
0;1
0;1
0;1
0,000112261;1
0,000238778;1
0,000489611;1
0,000388171;1
0,000201565;1
2,67056E-05;1
0;1
0;1
0;1
0;1
0;1
0;1
0;1
0;1
0;1
0;1
0;1
0;1
0;1
0;1
0;1
0;1
0;1
0;1
0;1
0;1
0;1
0;1
0;1
0;1
0;1
0;1
0;1
0;1
0;1
0;1
0;1
0;1
0;1
0;1
0;1
0;1
0;1
0;1
0;1
0;1
0;1
0;1
0;1
0;1
0;1
0;1
0;1
0;1
0;1
0;1
0;1
0;1
0;1
0;1
0;1
0;1
0;1
0;1
0;1
0;1
0;1
0;1
0;1
0;1
0;1
0;1
0;1
1,94722E-05;1
0;1
0;1
0;1
0;1
0;1
0;1
0;1
0;1
0;1
0;1
0;1
0;1
0;1
0;1
0;1
0;1
0;1
0;1
0;1
4,66021E-05;1
0,000162974;1
0,000240723;1
0,000258796;1
0,000230682;1
0,000221984;1
0,000162198;1
3,25439E-05;1
0;1
0;1
0;1
0;1
0;1
0;1
0;1
0;1
0;1
0;1
0;1
0;1
0;1
0;1
0;1
0;1
0,000111595;1
2,03158E-05;1
7,9591E-05;1
0;1
0;1
0;1
0;1
0;1
0;1
0;1
0;1
0;1
0;1
0;1
0;1
0;1
0;1
0;1
0;1
0;1
0;1
0;1
0;1
0;1
0;1
0;1
0;1
0;1
0;1
0;1
0;1
0;1
0;1
0;1
0;1
0;1
0;1
0;1
0;1
0;1
0;1
0;1
0;1
0;1
0;1
0;1
0;1
0;1
0;1
0;1
0;1
0;1
0;1
0;1
0;1
0;1
0;1
0;1
0;1
0;1
0;1
0;1
0;1
0;1
0;1
0;1
0;1
0;1
0;1
0;1
0;1
0;1
7,56141E-05;1
0,000168214;1
0,000253209;1
0,000333639;1
0,000442521;1
0,000423841;1
0,000312468;1
0,000146043;1
0;1
0;1
0;1
0;1
0;1
0;1
0;1
0;1
0;1
0;1
0;1
0;1
0;1
0;1
0;1
0;1
1,60977E-05;1
0,000181493;1
0,000262768;1
0,000371158;1
0,000453178;1
0,000391804;1
0,000298133;1
0,000131699;1
0;1
0;1
0;1
0;1
0;1
0;1
0;1
0;1
0;1
0;1
0;1
0;1
0;1
0;1
0;1
0;1
0;1
0,000216877;1
0;1
0;1
0,000475012;1
0,000328628;1
0;1
0;1
0;1
0;1
0;1
0;1
0;1
0;1
0;1
0;1
0;1
0;1
0;1
0;1
0;1
0;1
0;1
0;1
0;1
8,42056E-06;1
0,000169616;1
0,000408989;1
0,000262494;1
0,00029509;1
0,000244249;1
0,000106109;1
0;1
0;1
0;1
0;1
0;1
0;1
0;1
0;1
0;1
0;1
0;1
0;1
0;1
0;1
0;1
0;1
8,8442E-07;1
1,2531E-05;1
0;1
9,0257E-05;1
0;1
0;1
0,000101819;1
8,06958E-06;1
0;1
0;1
0;1
0;1
0;1
0;1
0;1
0;1
0;1
0;1
0;1
0;1
0;1
0;1
0;1
0;1
0;1
7,85782E-05;1
8,53603E-05;1
0,000127325;1
0,000260909;1
0,000283723;1
0,000227723;1
0,000102826;1
0;1
0;1
0;1
0;1
0;1
0;1
0;1
0;1
0;1
0;1
0;1
0;1
0;1
0;1
0;1
0;1
3,3967E-05;1
0,000180692;1
0,000313385;1
0,000395163;1
0,000452816;1
0,000412549;1
0,000250707;1
8,96882E-05;1
0;1
0;1
0;1
0;1
0;1
0;1
0;1
0;1
0;1
0;1
0;1
0;1
0;1
0;1
0;1
0;1
6,0641E-06;1
0,000247667;1
0,000353806;1
0,000440126;1
0,000437569;1
0,000382576;1
0,000255511;1
6,10824E-05;1
0;1
0;1
0;1
0;1
0;1
0;1
0;1
0;1
0;1
0;1
0;1
0;1
0;1
0;1
0;1
0;1
0;1
0;1
0;1
0;1
0;1
0;1
0;1
0;1
0;1
0;1
0;1
0;1
0;1
0;1
0;1
0;1
0;1
0;1
0;1
0;1
0;1
0;1
0;1
0;1
0;1
0;1
0;1
0;1
0;1
0;1
0;1
0;1
0;1
0;1
0;1
0;1
0;1
0;1
0;1
0;1
0;1
0;1
0;1
0;1
0;1
0;1
0;1
0;1
0;1
0;1
0;1
0;1
0;1
0;1
0;1
0;1
0;1
0;1
0;1
0;1
0;1
0;1
0;1
0;1
0;1
0;1
0;1
0;1
0;1
0;1
0;1
0;1
0;1
0;1
0;1
0;1
0;1
0,000191398;1
0,000138812;1
0;1
0;1
0;1
0;1
0;1
0;1
0;1
0;1
0;1
0;1
0;1
0;1
0;1
0;1
0;1
0;1
0;1
0;1
0;1
0;1
0;1
0;1
0,00018884;1
0,00016788;1
3,19599E-05;1
0;1
0;1
0;1
0;1
0;1
0;1
0;1
0;1
0;1
0;1
0;1
0;1
0;1
0;1
0;1
0;1
0;1
0;1
0;1
5,02882E-06;1
1,31283E-05;1
5,15013E-06;1
0;1
0;1
0;1
0;1
0;1
0;1
0;1
0;1
0;1
0;1
0;1
0;1
0;1
0;1
0;1
0;1
0;1
0;1
0;1
8,54434E-05;1
0;1
0;1
0;1
5,06993E-05;1
0;1
0;1
0;1
0;1
0;1
0;1
0;1
0;1
0;1
0;1
0;1
0;1
0;1
0;1
0;1
0;1
0;1
0;1
0;1
0;1
0;1
0;1
0;1
0;1
0;1
0;1
0;1
0;1
0;1
0;1
0;1
0;1
0;1
0;1
0;1
0;1
0;1
0;1
0;1
0;1
0;1
0;1
4,37996E-05;1
0,000224413;1
0,000349436;1
0,000376899;1
0,000410331;1
0,000369766;1
0,000270513;1
6,59432E-05;1
0;1
0;1
0;1
0;1
0;1
0;1
0;1
0;1
0;1
0;1
0;1
0;1
0;1
0;1
0;1
0;1
0;1
0;1
0;1
0;1
0;1
0;1
0;1
0;1
0;1
0;1
0;1
0;1
0;1
0;1
0;1
0;1
0;1
0;1
0;1
0;1
0;1
0;1
0;1
0;1
0;1
0;1
0;1
0;1
0;1
0;1
0;1
0;1
0;1
0;1
0;1
0;1
0;1
0;1
0;1
0;1
0;1
0;1
0;1
0;1
0;1
0;1
0;1
0;1
0;1
0;1
0;1
0;1
0;1
0;1
0;1
0;1
0;1
0;1
0;1
0;1
0;1
0;1
0;1
0;1
0;1
0;1
0;1
0;1
0;1
0;1
0;1
0;1
1,53164E-05;1
0,000147962;1
0,000312837;1
0,000387589;1
0,000405694;1
0,000322114;1
0,000244598;1
8,73545E-05;1
0;1
0;1
0;1
0;1
0;1
0;1
0;1
0;1
0;1
0;1
0;1
0;1
0;1
0;1
0;1
0;1
1,18395E-05;1
0,000145946;1
0,000175051;1
0,000226062;1
0,00026762;1
0,000193832;1
0,000160613;1
1,35011E-05;1
0;1
0;1
0;1
0;1
0;1
0;1
0;1
0;1
0;1
0;1
0;1
0;1
0;1
0;1
0;1
0;1
2,87674E-05;1
0,000226547;1
9,90713E-05;1
2,82917E-06;1
0;1
0;1
0;1
0;1
0;1
0;1
0;1
0;1
0;1
0;1
0;1
0;1
0;1
0;1
0;1
0;1
0;1
0;1
0;1
0;1
0;1
0;1
0;1
0;1
0;1
0,000204516;1
0,000147735;1
0;1
0;1
0;1
0;1
0;1
0;1
0;1
0;1
0;1
0;1
0;1
0;1
0;1
0;1
0;1
0;1
0;1
0;1
0;1
0;1
0;1
0;1
0;1
0;1
0;1
0;1
0;1
0;1
0;1
0;1
0;1
0;1
0;1
0;1
0;1
0;1
0;1
0;1
0;1
0;1
0;1
0;1
0;1
0;1
0;1
0;1
0;1
0;1
0;1
0;1
0;1
0;1
0;1
0;1
0;1
0;1
0;1
0;1
0;1
0;1
0;1
0;1
0;1
0;1
0;1
0;1
0;1
0;1
0;1
0;1
0;1
0;1
0;1
0;1
0;1
0;1
0;1
0;1
0;1
0;1
0;1
0;1
0;1
0;1
0;1
0;1
0;1
0;1
0;1
0;1
0;1
4,03533E-06;1
2,38462E-05;1
5,23672E-05;1
2,56099E-06;1
0;1
0;1
0;1
0;1
0;1
0;1
0;1
0;1
0;1
0;1
0;1
0;1
0;1
0;1
0;1
0;1
0;1
0;1
0;1
5,40208E-05;1
0,00014144;1
0,000189773;1
0,000166718;1
0,000111856;1
3,9345E-05;1
0;1
0;1
0;1
0;1
0;1
0;1
0;1
0;1
0;1
0;1
0;1
0;1
0;1
0;1
0;1
0;1
0;1
0;1
0;1
0;1
0;1
0;1
0,000102358;1
4,58126E-05;1
0;1
0;1
0;1
0;1
0;1
0;1
0;1
0;1
0;1
0;1
0;1
0;1
0;1
0;1
0;1
0;1
0;1
0;1
0;1
0;1
0;1
0;1
0;1
0;1
0;1
0;1
0;1
0;1
0;1
0;1
0;1
0;1
0;1
0;1
0;1
0;1
0;1
0;1
0;1
0;1
0;1
0;1
0;1
0;1
0;1
0;1
0;1
0;1
0;1
0;1
0;1
0;1
0;1
0;1
0;1
0;1
0;1
0;1
0;1
0;1
0;1
0;1
0;1
0;1
0;1
0;1
1,23877E-05;1
3,57065E-05;1
5,20066E-05;1
7,5069E-05;1
0,000138932;1
5,08643E-05;1
0;1
0;1
0;1
0;1
0;1
0;1
0;1
0;1
0;1
0;1
0;1
0;1
0;1
0;1
0;1
0;1
0;1
0;1
0;1
0;1
0;1
0;1
0,000129337;1
0;1
0;1
0;1
0;1
0;1
0;1
0;1
0;1
0;1
0;1
0;1
0;1
0;1
0;1
0;1
0;1
0;1
0;1
0;1
0;1
0;1
0,000108016;1
5,9435E-05;1
2,5246E-06;1
0;1
0;1
0;1
0;1
0;1
0;1
0;1
0;1
0;1
0;1
0;1
0;1
0;1
0;1
0;1
0;1
0;1
0;1
0;1
0;1
0;1
9,68973E-05;1
2,61419E-05;1
0;1
0;1
0;1
0;1
0;1
0;1
0;1
0;1
0;1
0;1
0;1
0;1
0;1
0;1
0;1
0;1
0;1
0;1
0;1
0;1
0;1
0;1
0;1
0;1
0;1
0;1
0;1
0;1
0;1
0;1
0;1
0;1
0;1
0;1
0;1
0;1
0;1
0;1
0;1
0;1
0;1
0;1
0;1
0;1
0;1
0;1
0;1
0;1
0;1
0;1
0;1
0;1
0;1
0;1
0;1
0;1
0;1
0;1
0;1
0;1
0;1
0;1
0;1
0;1
0;1
0;1
0;1
0;1
0;1
0;1
0;1
2,4305E-05;1
0,000100657;1
0,000112722;1
6,36306E-05;1
0;1
0;1
0;1
0;1
0;1
0;1
0;1
0;1
0;1
0;1
0;1
0;1
0;1
0;1
0;1
0;1
0;1
0;1
0;1
0;1
0;1
0,000199947;1
0,000147707;1
0;1
0;1
0;1
0;1
0;1
0;1
0;1
0;1
0;1
0;1
0;1
0;1
0;1
0;1
0;1
0;1
0;1
0;1
0;1
0;1
0;1
0;1
0,000184171;1
0,00014446;1
0;1
0;1
0;1
0;1
0;1
0;1
0;1
0;1
0;1
0;1
0;1
0;1
0;1
0;1
0;1
0;1
0;1
0;1
0;1
0;1
0;1
0;1
0;1
0;1
0;1
0;1
0;1
0;1
0;1
0;1
0;1
0;1
0;1
0;1
0;1
0;1
0;1
0;1
0;1
0;1
0;1
0;1
0;1
5,92012E-05;1
0,00011031;1
0,000129736;1
0,000324714;1
0,000186531;1
0;1
0;1
0;1
0;1
0;1
0;1
0;1
0;1
0;1
0;1
0;1
0;1
0;1
0;1
0;1
0;1
0;1
0;1
4,49248E-05;1
0,000264386;1
0,000348078;1
0,000370812;1
0,0003251;1
0,000208959;1
2,50035E-05;1
0;1
0;1
0;1
0;1
0;1
0;1
0;1
0;1
0;1
0;1
0;1
0;1
0;1
0;1
0;1
0;1
0;1
0;1
4,60093E-05;1
0;1
0;1
1,0006E-05;1
4,72824E-05;1
0;1
0;1
0;1
0;1
0;1
0;1
0;1
0;1
0;1
0;1
0;1
0;1
0;1
0;1
0;1
0;1
0;1
0;1
0;1
0;1
0;1
0;1
0;1
0;1
0;1
0;1
0;1
0;1
0;1
0;1
0;1
0;1
0;1
0;1
0;1
0;1
0;1
0;1
0;1
0;1
0;1
0;1
0;1
0;1
0;1
0;1
0;1
0;1
0;1
0;1
0;1
0;1
0;1
0;1
0;1
0;1
0;1
0;1
0;1
0;1
0;1
0;1
0;1
0;1
0;1
0;1
0;1
0;1
0;1
0,000153684;1
0,00031438;1
0,000192569;1
0;1
0;1
0;1
0;1
0;1
0;1
0;1
0;1
0;1
0;1
0;1
0;1
0;1
0;1
0;1
0;1
0;1
0;1
0;1
0;1
0;1
0;1
0;1
0;1
0;1
0;1
0;1
0;1
0;1
0;1
0;1
0;1
0;1
0;1
0;1
0;1
0;1
0;1
0;1
0;1
0;1
0;1
0;1
0;1
0;1
0;1
0;1
0;1
0;1
0;1
0;1
0;1
0;1
0;1
0;1
0;1
0;1
0;1
0;1
0;1
0;1
0;1
0;1
0;1
0;1
0;1
0;1
0;1
0;1
0;1
0;1
0;1
0;1
0;1
0;1
0;1
0;1
0;1
0;1
0;1
0;1
0;1
0;1
0;1
0;1
0;1
0;1
0;1
0;1
0;1
0;1
0;1
0;1
0;1
0;1
0;1
0;1
0;1
0;1
0;1
0;1
0;1
0;1
0;1
0;1
0;1
0;1
0;1
0;1
0;1
0;1
0;1
0;1
0;1
0;1
0;1
0;1
0;1
6,64653E-05;1
1,89317E-05;1
0;1
0;1
0;1
0;1
0;1
0;1
0;1
0;1
0;1
0;1
0;1
0;1
0;1
0;1
0;1
0;1
0;1
0;1
0;1
0;1
0;1
0;1
0;1
0;1
0;1
0;1
0;1
0;1
0;1
0;1
0;1
0;1
0;1
0;1
0;1
0;1
0;1
0;1
0;1
0;1
0;1
0;1
0;1
0;1
1,24646E-05;1
1,4749E-05;1
9,68394E-05;1
1,36979E-05;1
0;1
0;1
0;1
0;1
0;1
0;1
0;1
0;1
0;1
0;1
0;1
0;1
0;1
0;1
0;1
0;1
0;1
0;1
0;1
0,0001278;1
0,000332609;1
0;1
5,72075E-05;1
0;1
0;1
0;1
0;1
0;1
0;1
0;1
0;1
0;1
0;1
0;1
0;1
0;1
0;1
0;1
0;1
0;1
0;1
0;1
0;1
0;1
0;1
0;1
0;1
0;1
0;1
0;1
0;1
0;1
0;1
0;1
0;1
0;1
0;1
0;1
0;1
0;1
0;1
0;1
0;1
0;1
0;1
0;1
0;1
0;1
0;1
0;1
0;1
0;1
0;1
0;1
0;1
0;1
0;1
0;1
0;1
0;1
0;1
0;1
0;1
0;1
0;1
0;1
0;1
0;1
0;1
0;1
0;1
0;1
0;1
0;1
0;1
0;1
0;1
0;1
0;1
0;1
0;1
0;1
0;1
0;1
0;1
0;1
0;1
0;1
0;1
0;1
0;1
0;1
0;1
0;1
1,03715E-05;1
0;1
0;1
0,000175605;1
0,000300749;1
0,000190503;1
1,51033E-05;1
0;1
0;1
0;1
0;1
0;1
0;1
0;1
0;1
0;1
0;1
0;1
0;1
0;1
0;1
0;1
0;1
0;1
0;1
0;1
0;1
0;1
0;1
0;1
0;1
0;1
0;1
0;1
0;1
0;1
0;1
0;1
0;1
0;1
0;1
0;1
0;1
0;1
0;1
0;1
0;1
0;1
0;1
0;1
0;1
0;1
0;1
0;1
0;1
0;1
0;1
0;1
0;1
0;1
0;1
0;1
0;1
0;1
0;1
0;1
0;1
0;1
0;1
0;1
0;1
0;1
0;1
0,000110626;1
0,000200967;1
0,000237975;1
0,000168717;1
8,75806E-05;1
0;1
0;1
0;1
0;1
0;1
0;1
0;1
0;1
0;1
0;1
0;1
0;1
0;1
0;1
0;1
0;1
0;1
0;1
0;1
0;1
0;1
0;1
0;1
0;1
0;1
0;1
0;1
0;1
0;1
0;1
0;1
0;1
0;1
0;1
0;1
0;1
0;1
0;1
0;1
0;1
0;1
0;1
0;1
0;1
0;1
0;1
0;1
0;1
0;1
0;1
0;1
0;1
0;1
0;1
0;1
0;1
0;1
0;1
0;1
0;1
0;1
0;1
0;1
0;1
0;1
0;1
0;1
0;1
0;1
0;1
0;1
0;1
0;1
0;1
0;1
0;1
0;1
0;1
0;1
0;1
0;1
0;1
0;1
0;1
0;1
0;1
0;1
0;1
0;1
0;1
0;1
0,00011088;1
0,000133131;1
0,00013313;1
0,000149084;1
5,18751E-05;1
0;1
0;1
0;1
0;1
0;1
0;1
0;1
0;1
0;1
0;1
0;1
0;1
0;1
0;1
0;1
0;1
0;1
0;1
0;1
0;1
0;1
0;1
0;1
0;1
0;1
0;1
0;1
0;1
0;1
0;1
0;1
0;1
0;1
0;1
0;1
0;1
0;1
0;1
0;1
0;1
0;1
0;1
0;1
0;1
0;1
0;1
0;1
0;1
0;1
0;1
0;1
0;1
0;1
0;1
0;1
0;1
0;1
